Epoca,loss,d1_loss,d2_loss,d3_loss,d4_loss,d5_loss,d6_loss,d7_loss,d1_accuracy,d2_accuracy,d3_accuracy,d4_accuracy,d5_accuracy,d6_accuracy,d7_accuracy,val_loss,val_d1_loss,val_d2_loss,val_d3_loss,val_d4_loss,val_d5_loss,val_d6_loss,val_d7_loss,val_d1_accuracy,val_d2_accuracy,val_d3_accuracy,val_d4_accuracy,val_d5_accuracy,val_d6_accuracy,val_d7_accuracy,val_seq_acc,lr,fase,quant_d1_loss,quant_d2_loss,quant_d3_loss,quant_d4_loss,quant_d5_loss,quant_d6_loss,quant_d7_loss,quant_d1_accuracy,quant_d2_accuracy,quant_d3_accuracy,quant_d4_accuracy,quant_d5_accuracy,quant_d6_accuracy,quant_d7_accuracy,val_quant_d1_loss,val_quant_d2_loss,val_quant_d3_loss,val_quant_d4_loss,val_quant_d5_loss,val_quant_d6_loss,val_quant_d7_loss,val_quant_d1_accuracy,val_quant_d2_accuracy,val_quant_d3_accuracy,val_quant_d4_accuracy,val_quant_d5_accuracy,val_quant_d6_accuracy,val_quant_d7_accuracy
0,15.341017723083496,2.379150629043579,2.37314510345459,2.387378692626953,2.369521379470825,2.366931676864624,2.382570743560791,1.0823172330856323,0.1015397384762764,0.10653349757194519,0.09862671792507172,0.1086142286658287,0.10403662174940109,0.08988764137029648,0.7286725044250488,14.362688064575195,2.313741683959961,2.2936275005340576,2.271057605743408,2.280505418777466,2.2860019207000732,2.308443784713745,0.6093124747276306,0.17384105920791626,0.12913906574249268,0.18377482891082764,0.1937086135149002,0.1357615888118744,0.1589404046535492,0.7682119011878967,0.0,0.001,float,,,,,,,,,,,,,,,,,,,,,,,,,,,,
1,14.166565895080566,2.2279224395751953,2.231870174407959,2.2325165271759033,2.22407865524292,2.233689785003662,2.2830264568328857,0.7334598302841187,0.19850187003612518,0.19392426311969757,0.18227216601371765,0.18476903438568115,0.18476903438568115,0.1614648401737213,0.7415730357170105,12.52821159362793,2.0476107597351074,1.9753862619400024,1.9005634784698486,1.9883368015289307,1.958059549331665,2.0646896362304688,0.5935651063919067,0.31622517108917236,0.3410595953464508,0.3112582862377167,0.319536417722702,0.33112582564353943,0.2831125855445862,0.7764900922775269,0.0016556291390728477,0.001,float,,,,,,,,,,,,,,,,,,,,,,,,,,,,
2,12.700926780700684,1.9605807065963745,1.9683517217636108,1.9530214071273804,1.9985121488571167,2.0094845294952393,2.0932528972625732,0.7177222371101379,0.318352073431015,0.3133583068847656,0.30337077379226685,0.2721598148345947,0.27881813049316406,0.2625884413719177,0.7482313513755798,10.791082382202148,1.7098106145858765,1.6320823431015015,1.5946543216705322,1.728162407875061,1.7030459642410278,1.8692255020141602,0.5541002154350281,0.4503311216831207,0.4652317762374878,0.47350993752479553,0.43377482891082764,0.4205298125743866,0.34271523356437683,0.7996688485145569,0.0033112582781456954,0.001,float,,,,,,,,,,,,,,,,,,,,,,,,,,,,
3,11.520909309387207,1.7718967199325562,1.7640419006347656,1.7633309364318848,1.7963143587112427,1.825589895248413,1.926802158355713,0.6729316115379333,0.38992926478385925,0.3915938436985016,0.3836870491504669,0.3720349669456482,0.352059930562973,0.3141905963420868,0.7707033157348633,9.37803840637207,1.5364824533462524,1.3805211782455444,1.3513400554656982,1.454982876777649,1.5074692964553833,1.646417498588562,0.500825822353363,0.501655638217926,0.5877483487129211,0.5463576316833496,0.5447019934654236,0.49668875336647034,0.4503311216831207,0.809602677822113,0.018211920529801324,0.001,float,,,,,,,,,,,,,,,,,,,,,,,,,,,,
4,10.532201766967773,1.581775188446045,1.6081311702728271,1.5682263374328613,1.6399075984954834,1.6788337230682373,1.8030412197113037,0.6522896885871887,0.4519350826740265,0.444860577583313,0.44610902667045593,0.4402829706668854,0.41656261682510376,0.36579275131225586,0.7802746295928955,8.199604034423828,1.3057360649108887,1.190456509590149,1.1708954572677612,1.231215000152588,1.315930962562561,1.5119588375091553,0.47341200709342957,0.5910596251487732,0.6589403748512268,0.6357616186141968,0.6192052960395813,0.5678808093070984,0.5082781314849854,0.8410596251487732,0.03642384105960265,0.001,float,,,,,,,,,,,,,,,,,,,,,,,,,,,,
5,9.67924976348877,1.4515092372894287,1.4238733053207397,1.4510574340820312,1.4826050996780396,1.5507206916809082,1.6994709968566895,0.6200137138366699,0.5010403394699097,0.5135247707366943,0.5031210780143738,0.497711181640625,0.45526424050331116,0.4053266644477844,0.7865168452262878,7.351696491241455,1.1526103019714355,1.0278515815734863,1.0153467655181885,1.0863585472106934,1.198201060295105,1.4198474884033203,0.4514806270599365,0.6456953883171082,0.7334437370300293,0.7052980065345764,0.6837748289108276,0.6307947039604187,0.5629138946533203,0.8476821184158325,0.08609271523178808,0.001,float,,,,,,,,,,,,,,,,,,,,,,,,,,,,
6,9.004548072814941,1.3172134160995483,1.325693964958191,1.338756799697876,1.357960820198059,1.4579339027404785,1.6096783876419067,0.5973134636878967,0.5443196296691895,0.5439034700393677,0.5343320965766907,0.5301706194877625,0.49604660272598267,0.44361215829849243,0.7990012764930725,6.54148530960083,1.0019594430923462,0.915176272392273,0.8843372464179993,0.9645496606826782,1.084811806678772,1.2779682874679565,0.4126831591129303,0.7152317762374878,0.7450330853462219,0.7251655459403992,0.7218543291091919,0.6887417435646057,0.6175496578216553,0.8658940196037292,0.11092715231788079,0.001,float,,,,,,,,,,,,,,,,,,,,,,,,,,,,
7,8.546867370605469,1.2529889345169067,1.257555603981018,1.257802128791809,1.2903867959976196,1.3745646476745605,1.5474001169204712,0.5661703944206238,0.574698269367218,0.5851019620895386,0.5717852711677551,0.565126895904541,0.526425302028656,0.4535996615886688,0.8048272728919983,6.0422563552856445,0.9067269563674927,0.8304972648620605,0.8062223196029663,0.8840763568878174,1.0247092247009277,1.2028626203536987,0.3871608078479767,0.746688723564148,0.7764900922775269,0.753311276435852,0.748344361782074,0.6970198750495911,0.639072835445404,0.8791390657424927,0.15562913907284767,0.001,float,,,,,,,,,,,,,,,,,,,,,,,,,,,,
8,8.079800605773926,1.1595531702041626,1.1827839612960815,1.1626355648040771,1.2296373844146729,1.2941498756408691,1.507301688194275,0.5437419414520264,0.6142321825027466,0.6004993915557861,0.5925925970077515,0.6017478108406067,0.5605493187904358,0.47232624888420105,0.8214731812477112,5.549340724945068,0.8133876323699951,0.7251545190811157,0.7125901579856873,0.7931087017059326,0.9737933874130249,1.1501319408416748,0.38117459416389465,0.7831125855445862,0.8112582564353943,0.809602677822113,0.7864238619804382,0.7102649211883545,0.6655629277229309,0.8841059803962708,0.18874172185430463,0.001,float,,,,,,,,,,,,,,,,,,,,,,,,,,,,
9,7.811344146728516,1.0997461080551147,1.131454586982727,1.1003215312957764,1.1916084289550781,1.3132312297821045,1.4473390579223633,0.5276431441307068,0.6204743981361389,0.627132773399353,0.6329588294029236,0.5917602777481079,0.5563878417015076,0.5093632936477661,0.8264669179916382,5.1907572746276855,0.7670557498931885,0.6922883987426758,0.6656860709190369,0.7573021650314331,0.8693066239356995,1.0951508283615112,0.34396764636039734,0.7897350788116455,0.8129138946533203,0.8211920261383057,0.7864238619804382,0.7599337697029114,0.6655629277229309,0.9006622433662415,0.21026490066225165,0.001,float,,,,,,,,,,,,,,,,,,,,,,,,,,,,
10,7.513214111328125,1.0698394775390625,1.0804394483566284,1.0753283500671387,1.1016089916229248,1.2348750829696655,1.4234460592269897,0.5276774168014526,0.6312941908836365,0.6425301432609558,0.6433624625205994,0.6346234083175659,0.5726175904273987,0.5097794532775879,0.82688307762146,4.982131481170654,0.7225331664085388,0.6376593708992004,0.6459172368049622,0.7057945728302002,0.8547354936599731,1.0631712675094604,0.3523206114768982,0.8112582564353943,0.8394039869308472,0.8278145790100098,0.8013244867324829,0.7665562629699707,0.6887417435646057,0.8940397500991821,0.22019867549668873,0.001,float,,,,,,,,,,,,,,,,,,,,,,,,,,,,
11,7.175545692443848,0.990477979183197,1.058210849761963,0.9914190173149109,1.061997890472412,1.1799007654190063,1.4017693996429443,0.4917701780796051,0.6670827865600586,0.6471077799797058,0.6691635251045227,0.6500207781791687,0.6029962301254272,0.5355805158615112,0.8335413932800293,4.725751876831055,0.6652593016624451,0.5956313014030457,0.6027846932411194,0.6719982028007507,0.8320801854133606,1.0266008377075195,0.3313973844051361,0.8195364475250244,0.8526490330696106,0.8377483487129211,0.806291401386261,0.7400662302970886,0.7019867300987244,0.8956953883171082,0.23841059602649006,0.001,float,,,,,,,,,,,,,,,,,,,,,,,,,,,,
12,6.9979753494262695,0.993108868598938,1.0078917741775513,0.9731239080429077,1.0503311157226562,1.1630592346191406,1.3239879608154297,0.4864732623100281,0.6691635251045227,0.6587598919868469,0.6620890498161316,0.6446108818054199,0.6142321825027466,0.5418227314949036,0.8331252336502075,4.471985340118408,0.6449364423751831,0.5416162014007568,0.5715725421905518,0.6366572380065918,0.7561084628105164,0.9983351826667786,0.3227590322494507,0.8278145790100098,0.8658940196037292,0.8344370722770691,0.8294702172279358,0.7947019934654236,0.7102649211883545,0.9023178815841675,0.25662251655629137,0.001,float,,,,,,,,,,,,,,,,,,,,,,,,,,,,
13,6.852748394012451,0.9767996072769165,0.9711124897003174,0.9602903127670288,1.0087952613830566,1.1616109609603882,1.2939854860305786,0.48015597462654114,0.670828104019165,0.6841447949409485,0.6770703196525574,0.6654182076454163,0.6100707650184631,0.5430711507797241,0.8406158685684204,4.210073947906494,0.5945405960083008,0.5118622779846191,0.5222265720367432,0.5818644165992737,0.7557946443557739,0.9519577622413635,0.29182806611061096,0.8476821184158325,0.8741722106933594,0.8476821184158325,0.8460264801979065,0.7798013091087341,0.695364236831665,0.9188741445541382,0.2764900662251656,0.001,float,,,,,,,,,,,,,,,,,,,,,,,,,,,,
14,6.7130327224731445,0.9128931164741516,0.9936082363128662,0.9472885727882385,0.989395797252655,1.1179782152175903,1.30567467212677,0.44619491696357727,0.6783187389373779,0.6629213690757751,0.680399477481842,0.6737411618232727,0.6092384457588196,0.5580524206161499,0.8501872420310974,4.392536640167236,0.637961208820343,0.5220109820365906,0.5631201267242432,0.6198542714118958,0.7644560933113098,0.9824395775794983,0.3026942014694214,0.8327814340591431,0.8791390657424927,0.8526490330696106,0.8195364475250244,0.7897350788116455,0.7052980065345764,0.9072847962379456,0.26986754966887416,0.001,float,,,,,,,,,,,,,,,,,,,,,,,,,,,,
15,6.617534160614014,0.9471398591995239,0.9484459757804871,0.9240132570266724,0.9393023252487183,1.129957675933838,1.2717387676239014,0.45693570375442505,0.6837286949157715,0.675405740737915,0.6920515894889832,0.6908031702041626,0.6013316512107849,0.5726175904273987,0.846441924571991,4.0546674728393555,0.5969097018241882,0.4994452893733978,0.5032297968864441,0.5680146813392639,0.6809371113777161,0.927340567111969,0.2787899672985077,0.8410596251487732,0.8841059803962708,0.8576158881187439,0.8377483487129211,0.807947039604187,0.7218543291091919,0.9139072895050049,0.3029801324503311,0.001,float,,,,,,,,,,,,,,,,,,,,,,,,,,,,
16,6.3362507820129395,0.8905171751976013,0.8926481008529663,0.907642126083374,0.9563103914260864,1.056859016418457,1.2123680114746094,0.41990604996681213,0.7032875418663025,0.6957969069480896,0.694548487663269,0.6733250021934509,0.6429463028907776,0.5796920657157898,0.8614231944084167,3.95556640625,0.5747916102409363,0.493608683347702,0.4826045334339142,0.5485775470733643,0.694219708442688,0.8868223428726196,0.2749423682689667,0.8377483487129211,0.8741722106933594,0.860927164554596,0.8476821184158325,0.7980132699012756,0.7384105920791626,0.9155629277229309,0.31456953642384106,0.001,float,,,,,,,,,,,,,,,,,,,,,,,,,,,,
17,6.241286754608154,0.8739826083183289,0.8863916993141174,0.9094772934913635,0.918212354183197,1.054099202156067,1.1878937482833862,0.41122934222221375,0.7082813382148743,0.6999583840370178,0.694548487663269,0.6999583840370178,0.6496046781539917,0.5950894951820374,0.8597586154937744,3.9311423301696777,0.5703120827674866,0.4930601716041565,0.49518659710884094,0.5488730669021606,0.6798384785652161,0.8705280423164368,0.27334365248680115,0.8394039869308472,0.8774834275245667,0.860927164554596,0.8526490330696106,0.7996688485145569,0.7367549538612366,0.9188741445541382,0.3079470198675497,0.001,float,,,,,,,,,,,,,,,,,,,,,,,,,,,,
18,6.16785192489624,0.8465070128440857,0.8914520144462585,0.8840849995613098,0.8970634937286377,1.0177310705184937,1.2059625387191772,0.42505136132240295,0.7062005996704102,0.7120266556739807,0.7082813382148743,0.6933000683784485,0.6612567901611328,0.588847279548645,0.8593425154685974,3.9029390811920166,0.5541393160820007,0.5036749243736267,0.4839992821216583,0.5542879700660706,0.6700240969657898,0.8660867214202881,0.2707267701625824,0.8576158881187439,0.8807947039604187,0.8708609342575073,0.8476821184158325,0.8228476643562317,0.7367549538612366,0.9172185659408569,0.33278145695364236,0.001,float,,,,,,,,,,,,,,,,,,,,,,,,,,,,
19,6.132168292999268,0.8530482649803162,0.8663915991783142,0.8729754686355591,0.915549099445343,1.023798942565918,1.1902440786361694,0.41016146540641785,0.7032875418663025,0.7120266556739807,0.6949646472930908,0.6957969069480896,0.6579275727272034,0.6029962301254272,0.8601747751235962,3.896829605102539,0.5484758615493774,0.4978082776069641,0.4838005304336548,0.5475083589553833,0.6916393041610718,0.8612145185470581,0.2663828432559967,0.8576158881187439,0.8774834275245667,0.8857616186141968,0.8460264801979065,0.8145695328712463,0.7566224932670593,0.9172185659408569,0.34105960264900664,0.001,float,,,,,,,,,,,,,,,,,,,,,,,,,,,,
20,5.959609031677246,0.8252440094947815,0.8476003408432007,0.8376647233963013,0.9127039313316345,0.9985666275024414,1.1490380764007568,0.38878920674324036,0.7253433465957642,0.7128589153289795,0.7220141291618347,0.6957969069480896,0.656262993812561,0.6063254475593567,0.8660008311271667,3.473703145980835,0.4991898834705353,0.4219549298286438,0.42304518818855286,0.49497440457344055,0.6021465063095093,0.7878075838088989,0.24458454549312592,0.8526490330696106,0.8841059803962708,0.8741722106933594,0.8576158881187439,0.8195364475250244,0.75,0.9238410592079163,0.34602649006622516,0.001,float,,,,,,,,,,,,,,,,,,,,,,,,,,,,
21,5.861872673034668,0.8122365474700928,0.841720461845398,0.8567931056022644,0.8440499901771545,0.9930464029312134,1.1090376377105713,0.40498828887939453,0.7261756062507629,0.7153558135032654,0.7057844400405884,0.7166042327880859,0.6662505269050598,0.6250520348548889,0.8610070943832397,3.673842668533325,0.5189892053604126,0.4530804455280304,0.4568614959716797,0.5370021462440491,0.6282875537872314,0.8167499303817749,0.26287180185317993,0.8576158881187439,0.8841059803962708,0.8725165724754333,0.8311258554458618,0.8311258554458618,0.753311276435852,0.9238410592079163,0.3360927152317881,0.001,float,,,,,,,,,,,,,,,,,,,,,,,,,,,,
22,5.807566165924072,0.8128575086593628,0.8370304703712463,0.8244438171386719,0.8860598802566528,0.9507878422737122,1.125434160232544,0.37095287442207336,0.7336662411689758,0.7032875418663025,0.7161880731582642,0.704119861125946,0.6783187389373779,0.6096546053886414,0.8755722045898438,3.4941811561584473,0.500003457069397,0.4381907880306244,0.42903798818588257,0.49255645275115967,0.594668447971344,0.7994613647460938,0.24026241898536682,0.8559602499008179,0.8841059803962708,0.8807947039604187,0.8708609342575073,0.8261589407920837,0.7632450461387634,0.9238410592079163,0.35927152317880795,0.001,float,,,,,,,,,,,,,,,,,,,,,,,,,,,,
23,5.5821614265441895,0.7632885575294495,0.8237422108650208,0.773366391658783,0.8161149621009827,0.9372842311859131,1.0887987613677979,0.3795658349990845,0.7432376146316528,0.7191011309623718,0.7382438778877258,0.7278401851654053,0.6666666865348816,0.6287973523139954,0.8764045238494873,3.406095266342163,0.49385151267051697,0.43112990260124207,0.4194592237472534,0.47652849555015564,0.602847695350647,0.7447655200958252,0.23751287162303925,0.862582802772522,0.887417197227478,0.8824503421783447,0.8675496578216553,0.8129138946533203,0.7748344540596008,0.9271523356437683,0.3576158940397351,0.001,float,,,,,,,,,,,,,,,,,,,,,,,,,,,,
24,5.555095195770264,0.7728829383850098,0.7860965728759766,0.7736133933067322,0.8109597563743591,0.9404987692832947,1.1024349927902222,0.3686083257198334,0.7403246164321899,0.7315855026245117,0.7340824007987976,0.7303370833396912,0.6741573214530945,0.6150645017623901,0.8776529431343079,3.3583407402038574,0.4831840991973877,0.4260842502117157,0.4029286503791809,0.46509379148483276,0.5646206736564636,0.7651039361953735,0.25132521986961365,0.8642383813858032,0.8907284736633301,0.887417197227478,0.8642383813858032,0.8427152037620544,0.7831125855445862,0.9221854209899902,0.39403973509933776,0.001,float,,,,,,,,,,,,,,,,,,,,,,,,,,,,
25,5.434024333953857,0.7090094685554504,0.8216285109519958,0.7654776573181152,0.8063440918922424,0.8902640342712402,1.0558282136917114,0.38547277450561523,0.7611319422721863,0.7278401851654053,0.732833981513977,0.7228464484214783,0.694548487663269,0.6475239396095276,0.8726591467857361,3.3382906913757324,0.4773831367492676,0.42262428998947144,0.40570372343063354,0.4635617733001709,0.5735257267951965,0.7573561072349548,0.23813563585281372,0.8658940196037292,0.8940397500991821,0.8973509669303894,0.8774834275245667,0.8327814340591431,0.7615894079208374,0.9238410592079163,0.36920529801324503,0.001,float,,,,,,,,,,,,,,,,,,,,,,,,,,,,
26,5.417750835418701,0.7585873007774353,0.7597735524177551,0.7532587647438049,0.8248059749603271,0.9307630062103271,1.0238827466964722,0.3666796386241913,0.7436537742614746,0.737827718257904,0.7590512037277222,0.7240948677062988,0.6991260647773743,0.646691620349884,0.8730753064155579,3.2443203926086426,0.468013733625412,0.41013216972351074,0.3932529091835022,0.44645848870277405,0.5640762448310852,0.7306205034255981,0.23176637291908264,0.862582802772522,0.8907284736633301,0.8956953883171082,0.8725165724754333,0.8410596251487732,0.7880794405937195,0.9205297827720642,0.38079470198675497,0.001,float,,,,,,,,,,,,,,,,,,,,,,,,,,,,
27,5.358949184417725,0.716734766960144,0.7617536187171936,0.7716929316520691,0.7984338402748108,0.8794334530830383,1.0828702449798584,0.3480302691459656,0.7611319422721863,0.7511444091796875,0.7257594466209412,0.732833981513977,0.6949646472930908,0.6296296119689941,0.879733681678772,3.163206100463867,0.4492816925048828,0.4016956388950348,0.37335577607154846,0.4450418949127197,0.5603527426719666,0.7168114185333252,0.2166670262813568,0.8675496578216553,0.8940397500991821,0.8907284736633301,0.8741722106933594,0.8377483487129211,0.7798013091087341,0.9337748289108276,0.3758278145695364,0.001,float,,,,,,,,,,,,,,,,,,,,,,,,,,,,
28,5.272308349609375,0.7133569717407227,0.7649869322776794,0.7341521382331848,0.789318859577179,0.898074209690094,1.0326989889144897,0.3397202491760254,0.7627965211868286,0.7415730357170105,0.7511444091796875,0.733250081539154,0.6949646472930908,0.6516854166984558,0.884727418422699,3.0892207622528076,0.4503917694091797,0.3890856206417084,0.3731934130191803,0.4396631121635437,0.5388113856315613,0.6766514182090759,0.22142432630062103,0.8692052960395813,0.8956953883171082,0.9006622433662415,0.8857616186141968,0.8344370722770691,0.8013244867324829,0.9254966974258423,0.40728476821192056,0.001,float,,,,,,,,,,,,,,,,,,,,,,,,,,,,
29,5.205142974853516,0.740805983543396,0.7716132998466492,0.6940231919288635,0.7789523005485535,0.8582683801651001,1.001254677772522,0.3602254390716553,0.7519766688346863,0.7369953989982605,0.7711194157600403,0.7290886640548706,0.7086974382400513,0.6583437323570251,0.884727418422699,3.1206178665161133,0.45883917808532715,0.38966506719589233,0.3852480351924896,0.4340217411518097,0.5246346592903137,0.7102386355400085,0.2179703563451767,0.8692052960395813,0.8973509669303894,0.8923841118812561,0.8774834275245667,0.8410596251487732,0.7715231776237488,0.9271523356437683,0.3824503311258278,0.001,float,,,,,,,,,,,,,,,,,,,,,,,,,,,,
30,5.02125883102417,0.6838910579681396,0.7224597930908203,0.7047591209411621,0.7410585880279541,0.8647840619087219,0.9746538996696472,0.32965314388275146,0.7682064175605774,0.7544735670089722,0.7519766688346863,0.7590512037277222,0.7028713822364807,0.6720765829086304,0.8868081569671631,3.0850107669830322,0.4419674873352051,0.3849967420101166,0.38005968928337097,0.4429309666156769,0.5235335826873779,0.6968514919281006,0.21467046439647675,0.8675496578216553,0.8923841118812561,0.8990066051483154,0.8824503421783447,0.8427152037620544,0.7897350788116455,0.9337748289108276,0.3973509933774834,0.001,float,,,,,,,,,,,,,,,,,,,,,,,,,,,,
31,5.085875034332275,0.7002374529838562,0.7260380983352661,0.6849098801612854,0.765117883682251,0.8755667209625244,0.9870341420173645,0.346971720457077,0.7711194157600403,0.754889726638794,0.7657095193862915,0.7374115586280823,0.7132750749588013,0.6595921516418457,0.8830628395080566,3.070310115814209,0.45477527379989624,0.386797159910202,0.3638913035392761,0.4114130139350891,0.5104045867919922,0.7140853404998779,0.22894345223903656,0.8658940196037292,0.8907284736633301,0.9039735198020935,0.8990066051483154,0.8592715263366699,0.7980132699012756,0.9221854209899902,0.4105960264900662,0.001,float,,,,,,,,,,,,,,,,,,,,,,,,,,,,
32,4.9196391105651855,0.7121967077255249,0.7200313210487366,0.6728426218032837,0.7129057049751282,0.8106436729431152,0.9632023572921753,0.32781684398651123,0.7528089880943298,0.750312089920044,0.7744486331939697,0.7453183531761169,0.7211818695068359,0.6720765829086304,0.8918018937110901,2.973207473754883,0.4183724522590637,0.372824102640152,0.38864174485206604,0.4055942893028259,0.5091807842254639,0.6662697196006775,0.2123243361711502,0.8741722106933594,0.887417197227478,0.9039735198020935,0.8940397500991821,0.8443708419799805,0.804635763168335,0.942052960395813,0.41721854304635764,0.001,float,,,,,,,,,,,,,,,,,,,,,,,,,,,,
33,4.875279426574707,0.6577674150466919,0.7311444282531738,0.6801989674568176,0.7126664519309998,0.8109298348426819,0.9528652429580688,0.3297065496444702,0.7744486331939697,0.7528089880943298,0.7611319422721863,0.7540574073791504,0.723678708076477,0.6729088425636292,0.8834789991378784,2.91749906539917,0.4002433121204376,0.37246766686439514,0.38721975684165955,0.3923626244068146,0.47530919313430786,0.6769633293151855,0.21293291449546814,0.8841059803962708,0.9039735198020935,0.8857616186141968,0.8940397500991821,0.8675496578216553,0.7930463552474976,0.9370861053466797,0.41887417218543044,0.001,float,,,,,,,,,,,,,,,,,,,,,,,,,,,,
34,4.8209547996521,0.6740423440933228,0.6878235936164856,0.662223219871521,0.7268326878547668,0.785801887512207,0.961469292640686,0.3227623701095581,0.7756970524787903,0.7665418386459351,0.7719517350196838,0.7532251477241516,0.7290886640548706,0.6670827865600586,0.8855597376823425,2.8319694995880127,0.39383628964424133,0.3696514666080475,0.3461197316646576,0.3817821741104126,0.4829278290271759,0.6492672562599182,0.2083849310874939,0.8774834275245667,0.8907284736633301,0.9105960130691528,0.9006622433662415,0.8543046116828918,0.804635763168335,0.9337748289108276,0.4304635761589404,0.001,float,,,,,,,,,,,,,,,,,,,,,,,,,,,,
35,4.7930779457092285,0.6649571061134338,0.7060214877128601,0.6715870499610901,0.6935849189758301,0.7924673557281494,0.9526071548461914,0.31185421347618103,0.7752808928489685,0.7523928284645081,0.7677902579307556,0.7607157826423645,0.7349146604537964,0.6762380599975586,0.894298791885376,2.8318114280700684,0.40330421924591064,0.3609032928943634,0.35004767775535583,0.37648969888687134,0.48289939761161804,0.6557021737098694,0.2024645358324051,0.8807947039604187,0.9023178815841675,0.9006622433662415,0.9023178815841675,0.8675496578216553,0.804635763168335,0.943708598613739,0.4420529801324503,0.001,float,,,,,,,,,,,,,,,,,,,,,,,,,,,,
36,4.734970569610596,0.6256641745567322,0.6858733892440796,0.6733770370483398,0.6909387707710266,0.8211108446121216,0.9153081178665161,0.3226974308490753,0.7865168452262878,0.7752808928489685,0.7657095193862915,0.7665418386459351,0.7253433465957642,0.6853932738304138,0.8938826322555542,2.8448257446289062,0.40180107951164246,0.36668694019317627,0.3584864139556885,0.3846406638622284,0.4680182933807373,0.6678076386451721,0.19738489389419556,0.8725165724754333,0.8956953883171082,0.8907284736633301,0.9023178815841675,0.8543046116828918,0.807947039604187,0.9370861053466797,0.43543046357615894,0.001,float,,,,,,,,,,,,,,,,,,,,,,,,,,,,
37,4.794624328613281,0.6682313680648804,0.6984196305274963,0.6943672895431519,0.6729283332824707,0.7751653790473938,0.9596911668777466,0.32582080364227295,0.7786100506782532,0.7673740983009338,0.7611319422721863,0.769454836845398,0.7374115586280823,0.6641697883605957,0.8868081569671631,2.8657431602478027,0.402498722076416,0.3679549992084503,0.3506787121295929,0.38902169466018677,0.48552805185317993,0.6665380597114563,0.2035231739282608,0.8807947039604187,0.9089403748512268,0.9056291580200195,0.889072835445404,0.8394039869308472,0.8145695328712463,0.9321191906929016,0.4304635761589404,0.001,float,,,,,,,,,,,,,,,,,,,,,,,,,,,,
38,4.712088584899902,0.6611717939376831,0.6771677136421204,0.6737057566642761,0.7056344747543335,0.7956403493881226,0.882561981678009,0.31620705127716064,0.7690386772155762,0.7707033157348633,0.7665418386459351,0.7619642019271851,0.7386600375175476,0.7037037014961243,0.8967956900596619,2.7544775009155273,0.3909226953983307,0.3515268862247467,0.36072713136672974,0.3627788722515106,0.4412330090999603,0.6504383087158203,0.19685105979442596,0.8824503421783447,0.9072847962379456,0.9089403748512268,0.9105960130691528,0.8708609342575073,0.8211920261383057,0.943708598613739,0.4652317880794702,0.001,float,,,,,,,,,,,,,,,,,,,,,,,,,,,,
39,4.621920585632324,0.6396781206130981,0.6640199422836304,0.6076288223266602,0.7099756598472595,0.7922495603561401,0.9013148546218872,0.3070530891418457,0.7802746295928955,0.7698709964752197,0.7806907892227173,0.7582188844680786,0.7228464484214783,0.7037037014961243,0.8959633708000183,2.648719549179077,0.3974321186542511,0.3331635594367981,0.3343339264392853,0.35666951537132263,0.4201106131076813,0.6256282329559326,0.18138161301612854,0.8824503421783447,0.9039735198020935,0.9023178815841675,0.9056291580200195,0.8791390657424927,0.8129138946533203,0.9470198750495911,0.45364238410596025,0.001,float,,,,,,,,,,,,,,,,,,,,,,,,,,,,
40,4.6008992195129395,0.6297482848167419,0.6779574155807495,0.6463339328765869,0.6819419264793396,0.7400168180465698,0.9134494662284851,0.31145191192626953,0.7756970524787903,0.7761132121086121,0.7756970524787903,0.7682064175605774,0.7432376146316528,0.6928839087486267,0.8888888955116272,2.6425704956054688,0.380746454000473,0.33041438460350037,0.31834718585014343,0.3707013726234436,0.4341381788253784,0.6190745234489441,0.1891484260559082,0.8841059803962708,0.9089403748512268,0.9188741445541382,0.9006622433662415,0.8642383813858032,0.8261589407920837,0.9387417435646057,0.4735099337748344,0.001,float,,,,,,,,,,,,,,,,,,,,,,,,,,,,
41,4.554793357849121,0.62165367603302,0.6881261467933655,0.623465359210968,0.6735309958457947,0.7607020735740662,0.9001200795173645,0.287195086479187,0.7944236397743225,0.7640449404716492,0.7873491644859314,0.7786100506782532,0.737827718257904,0.6858094334602356,0.903870165348053,2.74558424949646,0.401946097612381,0.3505381643772125,0.33347082138061523,0.36709651350975037,0.46725383400917053,0.6489426493644714,0.1763361543416977,0.8824503421783447,0.8973509669303894,0.9039735198020935,0.9023178815841675,0.8658940196037292,0.8129138946533203,0.9470198750495911,0.4470198675496689,0.001,float,,,,,,,,,,,,,,,,,,,,,,,,,,,,
42,4.575188636779785,0.6646122336387634,0.6349140405654907,0.6184480786323547,0.6916450262069702,0.7370049357414246,0.8940110802650452,0.3345533311367035,0.7748647332191467,0.7819392681121826,0.7948397994041443,0.7636287808418274,0.7465667724609375,0.6933000683784485,0.8818144202232361,2.6550214290618896,0.3771655261516571,0.3420012295246124,0.31367227435112,0.3577331304550171,0.44496792554855347,0.6310536861419678,0.1884279102087021,0.8807947039604187,0.9023178815841675,0.9188741445541382,0.8990066051483154,0.8658940196037292,0.8228476643562317,0.942052960395813,0.45364238410596025,0.001,float,,,,,,,,,,,,,,,,,,,,,,,,,,,,
43,4.463413715362549,0.6311812996864319,0.6622380614280701,0.6255961060523987,0.6544415354728699,0.7029830813407898,0.8952087163925171,0.2917644679546356,0.7915105819702148,0.7765293121337891,0.7898460030555725,0.7707033157348633,0.7586350440979004,0.7016229629516602,0.8972117900848389,2.598726511001587,0.3681202828884125,0.33305680751800537,0.31360119581222534,0.35735100507736206,0.43871015310287476,0.6091558933258057,0.17873159050941467,0.8857616186141968,0.8923841118812561,0.9072847962379456,0.9072847962379456,0.8658940196037292,0.8245033025741577,0.945364236831665,0.45695364238410596,0.001,float,,,,,,,,,,,,,,,,,,,,,,,,,,,,
44,4.338436603546143,0.5989722609519958,0.6285337209701538,0.6363580226898193,0.6395547986030579,0.7030694484710693,0.8405823707580566,0.29136428236961365,0.7994173765182495,0.7794423699378967,0.784019947052002,0.7786100506782532,0.7573866248130798,0.7166042327880859,0.9030378460884094,2.5761594772338867,0.37779316306114197,0.3332166373729706,0.3068714439868927,0.347452312707901,0.430210679769516,0.5985822081565857,0.18203291296958923,0.889072835445404,0.9023178815841675,0.9122516512870789,0.9105960130691528,0.8658940196037292,0.8261589407920837,0.945364236831665,0.46192052980132453,0.001,float,,,,,,,,,,,,,,,,,,,,,,,,,,,,
45,4.406462669372559,0.627364456653595,0.6662410497665405,0.5880699157714844,0.646241307258606,0.7436431050300598,0.8446143865585327,0.29028892517089844,0.7902621626853943,0.7682064175605774,0.798168957233429,0.7806907892227173,0.7515605688095093,0.7161880731582642,0.8947149515151978,2.7118563652038574,0.38547399640083313,0.35897883772850037,0.33582332730293274,0.3708942234516144,0.45750507712364197,0.627521276473999,0.17565955221652985,0.8824503421783447,0.8973509669303894,0.9188741445541382,0.9023178815841675,0.8543046116828918,0.8162251710891724,0.9470198750495911,0.4503311258278146,0.001,float,,,,,,,,,,,,,,,,,,,,,,,,,,,,
46,4.315337657928467,0.5864683389663696,0.6082719564437866,0.6148138642311096,0.6319590210914612,0.7027904987335205,0.8726781010627747,0.2983551025390625,0.8010819554328918,0.7894299030303955,0.7761132121086121,0.784019947052002,0.7561381459236145,0.7145234942436218,0.8976279497146606,2.671903133392334,0.3948808014392853,0.3412063419818878,0.30934733152389526,0.3634567856788635,0.43530768156051636,0.644214928150177,0.18348900973796844,0.8791390657424927,0.9056291580200195,0.9238410592079163,0.9039735198020935,0.8758277893066406,0.8195364475250244,0.945364236831665,0.4652317880794702,0.001,float,,,,,,,,,,,,,,,,,,,,,,,,,,,,
47,4.24951171875,0.5920124053955078,0.653249979019165,0.5801981091499329,0.6277258992195129,0.6748073101043701,0.8483734130859375,0.27314484119415283,0.8010819554328918,0.7736163139343262,0.7973366379737854,0.7806907892227173,0.7673740983009338,0.7016229629516602,0.9051185846328735,2.601846694946289,0.37442174553871155,0.3339610695838928,0.2966749370098114,0.3712986707687378,0.4344364106655121,0.6106640696525574,0.1803896129131317,0.8791390657424927,0.8956953883171082,0.9172185659408569,0.8990066051483154,0.8658940196037292,0.8195364475250244,0.9519867300987244,0.4586092715231788,0.001,float,,,,,,,,,,,,,,,,,,,,,,,,,,,,
48,4.362790107727051,0.624076247215271,0.606090247631073,0.6025944948196411,0.6694056987762451,0.7157728672027588,0.856735348701477,0.28811439871788025,0.793591320514679,0.7898460030555725,0.7994173765182495,0.774032473564148,0.7515605688095093,0.7045360207557678,0.9034540057182312,2.6312367916107178,0.37440964579582214,0.33675193786621094,0.3130055069923401,0.3719332218170166,0.4247623383998871,0.6180915236473083,0.1922830045223236,0.8923841118812561,0.9072847962379456,0.9221854209899902,0.8956953883171082,0.8791390657424927,0.8195364475250244,0.945364236831665,0.48013245033112584,0.001,float,,,,,,,,,,,,,,,,,,,,,,,,,,,,
49,4.273521423339844,0.6117385625839233,0.5972366333007812,0.6064241528511047,0.6460956931114197,0.7054505348205566,0.8405728936195374,0.26600342988967896,0.7902621626853943,0.7973366379737854,0.8019142746925354,0.7806907892227173,0.7623803615570068,0.709113597869873,0.9101123809814453,2.6135799884796143,0.3659053444862366,0.3271104097366333,0.30895885825157166,0.37267208099365234,0.4317568242549896,0.6167312264442444,0.19044511020183563,0.887417197227478,0.9139072895050049,0.9271523356437683,0.9023178815841675,0.8708609342575073,0.8129138946533203,0.9470198750495911,0.4867549668874172,0.001,float,,,,,,,,,,,,,,,,,,,,,,,,,,,,
50,4.16175651550293,0.5663102269172668,0.6045724153518677,0.5822649002075195,0.6501026153564453,0.6649320721626282,0.8011835217475891,0.29239171743392944,0.8081564903259277,0.7890137434005737,0.7940074801445007,0.7781939506530762,0.7690386772155762,0.7286725044250488,0.9013732671737671,2.5635621547698975,0.3689236342906952,0.3208940327167511,0.2933470904827118,0.3659040927886963,0.43007704615592957,0.6030290126800537,0.18138766288757324,0.887417197227478,0.9039735198020935,0.9271523356437683,0.889072835445404,0.8741722106933594,0.8178808093070984,0.945364236831665,0.46688741721854304,0.001,float,,,,,,,,,,,,,,,,,,,,,,,,,,,,
51,4.14857816696167,0.570192813873291,0.5749834775924683,0.5702682733535767,0.6145632266998291,0.697115421295166,0.8305013179779053,0.29095301032066345,0.8019142746925354,0.7969205379486084,0.8089887499809265,0.7927590608596802,0.7611319422721863,0.7161880731582642,0.9001248478889465,2.5176033973693848,0.3634185194969177,0.30384063720703125,0.28661471605300903,0.3541446328163147,0.4171890914440155,0.6037595272064209,0.1886363923549652,0.8956953883171082,0.9139072895050049,0.9238410592079163,0.9023178815841675,0.8741722106933594,0.8245033025741577,0.943708598613739,0.4867549668874172,0.001,float,,,,,,,,,,,,,,,,,,,,,,,,,,,,
52,4.207046985626221,0.57713782787323,0.6358813047409058,0.5845370292663574,0.6286991834640503,0.6877284049987793,0.8242449760437012,0.2688187062740326,0.8119018077850342,0.7881814241409302,0.7960882186889648,0.7915105819702148,0.7615480422973633,0.7157719731330872,0.9055347442626953,2.5998892784118652,0.3756681978702545,0.33017125725746155,0.3005748391151428,0.356245756149292,0.43071413040161133,0.6233252286911011,0.1831900179386139,0.8857616186141968,0.9072847962379456,0.9205297827720642,0.9072847962379456,0.8774834275245667,0.8195364475250244,0.9470198750495911,0.4817880794701987,0.001,float,,,,,,,,,,,,,,,,,,,,,,,,,,,,
53,4.173165798187256,0.5631099343299866,0.6252362132072449,0.5747559666633606,0.6300704479217529,0.7044951319694519,0.7950953841209412,0.2804017663002014,0.8110694885253906,0.7894299030303955,0.8052434325218201,0.7894299030303955,0.7553058862686157,0.7265917658805847,0.9005410075187683,2.443336009979248,0.3481435477733612,0.29662761092185974,0.28340592980384827,0.3401263356208801,0.41185659170150757,0.5816836357116699,0.18149232864379883,0.8956953883171082,0.9172185659408569,0.9139072895050049,0.8990066051483154,0.8807947039604187,0.8261589407920837,0.9470198750495911,0.49503311258278143,0.001,float,,,,,,,,,,,,,,,,,,,,,,,,,,,,
54,4.063951015472412,0.5335357785224915,0.606357991695404,0.5805394649505615,0.6252420544624329,0.6655120849609375,0.7992702722549438,0.253492146730423,0.8114856481552124,0.7940074801445007,0.8052434325218201,0.7881814241409302,0.7765293121337891,0.733250081539154,0.9142737984657288,2.472264528274536,0.3474028706550598,0.3045845031738281,0.287602037191391,0.34245988726615906,0.40722429752349854,0.5968813896179199,0.18610969185829163,0.9006622433662415,0.9221854209899902,0.9254966974258423,0.8973509669303894,0.8791390657424927,0.8261589407920837,0.940397322177887,0.4917218543046358,0.001,float,,,,,,,,,,,,,,,,,,,,,,,,,,,,
55,4.064918518066406,0.5366953611373901,0.5530279874801636,0.6062090992927551,0.5948421359062195,0.6825198531150818,0.8145723342895508,0.277051717042923,0.8168955445289612,0.8152309656143188,0.7873491644859314,0.7940074801445007,0.7773616313934326,0.7240948677062988,0.9059509038925171,2.439326524734497,0.3519534170627594,0.2980622947216034,0.2767793834209442,0.351694792509079,0.41467535495758057,0.5761408805847168,0.1700206995010376,0.8940397500991821,0.9072847962379456,0.9155629277229309,0.8973509669303894,0.887417197227478,0.8294702172279358,0.945364236831665,0.4917218543046358,0.001,float,,,,,,,,,,,,,,,,,,,,,,,,,,,,
56,3.941089630126953,0.5032105445861816,0.5823550224304199,0.5623505115509033,0.5920082926750183,0.6332674622535706,0.772899329662323,0.29499855637550354,0.8285476565361023,0.7960882186889648,0.8019142746925354,0.7927590608596802,0.7802746295928955,0.7340824007987976,0.8967956900596619,2.4519622325897217,0.3524708151817322,0.3038564622402191,0.2830791473388672,0.3520980775356293,0.41048434376716614,0.5756558775901794,0.17431752383708954,0.8990066051483154,0.9039735198020935,0.9188741445541382,0.9023178815841675,0.8758277893066406,0.8394039869308472,0.9503311514854431,0.5033112582781457,0.001,float,,,,,,,,,,,,,,,,,,,,,,,,,,,,
57,3.9277446269989014,0.5289727449417114,0.5788565278053284,0.5406907200813293,0.6114282011985779,0.6308140158653259,0.7709599733352661,0.26602208614349365,0.8264669179916382,0.8035788536071777,0.8119018077850342,0.7852684259414673,0.7815231084823608,0.7340824007987976,0.9076154828071594,2.4411609172821045,0.3542538583278656,0.3004058003425598,0.2802378535270691,0.3398577868938446,0.4102480411529541,0.5811142325401306,0.17504315078258514,0.8956953883171082,0.9122516512870789,0.9271523356437683,0.9056291580200195,0.8841059803962708,0.8294702172279358,0.945364236831665,0.49503311258278143,0.001,float,,,,,,,,,,,,,,,,,,,,,,,,,,,,
58,3.941648483276367,0.5759425759315491,0.5319604277610779,0.5264211297035217,0.6050999760627747,0.6762611269950867,0.7520570158958435,0.2739052474498749,0.8089887499809265,0.8160632252693176,0.8098210692405701,0.793591320514679,0.7673740983009338,0.737827718257904,0.9055347442626953,2.402784585952759,0.34728288650512695,0.28189003467559814,0.26983901858329773,0.34463608264923096,0.40461060404777527,0.5789464712142944,0.17557919025421143,0.8956953883171082,0.9122516512870789,0.9288079738616943,0.9039735198020935,0.8824503421783447,0.8360927104949951,0.9486755132675171,0.5033112582781457,0.001,float,,,,,,,,,,,,,,,,,,,,,,,,,,,,
59,3.909175157546997,0.5308898687362671,0.5641307234764099,0.549934446811676,0.5762345790863037,0.6746464371681213,0.7724477052688599,0.2408907264471054,0.8239700198173523,0.8060757517814636,0.8135663866996765,0.7948397994041443,0.7673740983009338,0.7311693429946899,0.91344153881073,2.355196714401245,0.34939509630203247,0.2890891432762146,0.2628786861896515,0.32082390785217285,0.3859945237636566,0.5786594152450562,0.16835586726665497,0.9006622433662415,0.9122516512870789,0.9354304671287537,0.9056291580200195,0.8907284736633301,0.8311258554458618,0.9470198750495911,0.5149006622516556,0.001,float,,,,,,,,,,,,,,,,,,,,,,,,,,,,
60,3.750976085662842,0.5167242884635925,0.5337498784065247,0.5265213251113892,0.5671033263206482,0.6135634183883667,0.7364606857299805,0.2568531632423401,0.8310445547103882,0.8114856481552124,0.8164793848991394,0.8056595921516418,0.7940074801445007,0.754889726638794,0.9096962213516235,2.3362083435058594,0.354823499917984,0.28675132989883423,0.2514920234680176,0.33281955122947693,0.39236095547676086,0.5495172739028931,0.16844363510608673,0.8923841118812561,0.9105960130691528,0.9271523356437683,0.9039735198020935,0.8923841118812561,0.8394039869308472,0.9519867300987244,0.5198675496688742,0.001,float,,,,,,,,,,,,,,,,,,,,,,,,,,,,
61,3.8036484718322754,0.5361923575401306,0.5457412600517273,0.5494288802146912,0.5709934234619141,0.6046460866928101,0.7493313550949097,0.24731478095054626,0.8069080114364624,0.8181439638137817,0.8102372288703918,0.8098210692405701,0.7881814241409302,0.7390761375427246,0.9180191159248352,2.4391753673553467,0.35214921832084656,0.29971104860305786,0.27578872442245483,0.3547555208206177,0.4261143207550049,0.5696650743484497,0.16099132597446442,0.8990066051483154,0.9172185659408569,0.9254966974258423,0.9006622433662415,0.8708609342575073,0.8427152037620544,0.9536423683166504,0.5082781456953642,0.001,float,,,,,,,,,,,,,,,,,,,,,,,,,,,,
62,3.776106595993042,0.5299170017242432,0.5278143286705017,0.5399079322814941,0.5600854754447937,0.6254899501800537,0.7528069019317627,0.24008487164974213,0.8010819554328918,0.8193924427032471,0.8056595921516418,0.8131502270698547,0.7861006855964661,0.7382438778877258,0.9242613315582275,2.326155185699463,0.3425048887729645,0.28263363242149353,0.2545931041240692,0.324680894613266,0.39050570130348206,0.5627249479293823,0.1685120314359665,0.9039735198020935,0.9221854209899902,0.9271523356437683,0.9105960130691528,0.8857616186141968,0.8360927104949951,0.9486755132675171,0.5231788079470199,0.001,float,,,,,,,,,,,,,,,,,,,,,,,,,,,,
63,3.7248644828796387,0.5027175545692444,0.5690430402755737,0.5332852005958557,0.5240870714187622,0.5962607264518738,0.7472264170646667,0.2522452771663666,0.8235539197921753,0.8102372288703918,0.8256345987319946,0.8231377601623535,0.798168957233429,0.7432376146316528,0.9067831635475159,2.2912771701812744,0.3359484374523163,0.2732454836368561,0.2681485414505005,0.3299529254436493,0.37817734479904175,0.544685959815979,0.1611183136701584,0.8990066051483154,0.9205297827720642,0.9238410592079163,0.9122516512870789,0.8824503421783447,0.8410596251487732,0.9503311514854431,0.5264900662251656,0.001,float,,,,,,,,,,,,,,,,,,,,,,,,,,,,
64,3.6800386905670166,0.5246227383613586,0.5215746760368347,0.5150484442710876,0.539552628993988,0.5962098240852356,0.7496804594993591,0.23334965109825134,0.8193924427032471,0.8119018077850342,0.8252184987068176,0.8148148059844971,0.7861006855964661,0.7386600375175476,0.918435275554657,2.2343688011169434,0.3270184099674225,0.2649001479148865,0.24147319793701172,0.31984394788742065,0.39726722240448,0.5214464068412781,0.16241978108882904,0.8940397500991821,0.9155629277229309,0.9321191906929016,0.9238410592079163,0.8725165724754333,0.8559602499008179,0.943708598613739,0.5182119205298014,0.001,float,,,,,,,,,,,,,,,,,,,,,,,,,,,,
65,3.664069414138794,0.5112273097038269,0.504688560962677,0.5351353287696838,0.5636599063873291,0.6062374711036682,0.7025459408760071,0.2405751794576645,0.8160632252693176,0.8214731812477112,0.8148148059844971,0.8069080114364624,0.7861006855964661,0.7615480422973633,0.9163545370101929,2.263190984725952,0.34945017099380493,0.2705577313899994,0.25328901410102844,0.3206683099269867,0.3897911310195923,0.5218212008476257,0.15761330723762512,0.8956953883171082,0.9205297827720642,0.9288079738616943,0.9039735198020935,0.8741722106933594,0.860927164554596,0.9552980065345764,0.5115894039735099,0.001,float,,,,,,,,,,,,,,,,,,,,,,,,,,,,
66,3.6655473709106445,0.5144755244255066,0.55033278465271,0.5228074789047241,0.5418617725372314,0.6297469139099121,0.6802536249160767,0.22606967389583588,0.8185601234436035,0.8185601234436035,0.8089887499809265,0.8081564903259277,0.7811069488525391,0.7607157826423645,0.9259259104728699,2.2962899208068848,0.34525397419929504,0.27111172676086426,0.25740572810173035,0.33168014883995056,0.3795492351055145,0.5431579351425171,0.16813111305236816,0.8857616186141968,0.9105960130691528,0.9337748289108276,0.9155629277229309,0.8923841118812561,0.8427152037620544,0.945364236831665,0.5115894039735099,0.001,float,,,,,,,,,,,,,,,,,,,,,,,,,,,,
67,3.6357669830322266,0.4724949598312378,0.5256214737892151,0.5036263465881348,0.5395699143409729,0.6217905879020691,0.738233208656311,0.2344304472208023,0.8302122354507446,0.8227216005325317,0.8235539197921753,0.8160632252693176,0.7873491644859314,0.7461506724357605,0.9271743893623352,2.290358066558838,0.3373456299304962,0.2764822542667389,0.24591940641403198,0.3286157250404358,0.4074924886226654,0.5342745184898376,0.16022808849811554,0.8990066051483154,0.9205297827720642,0.9354304671287537,0.9105960130691528,0.8774834275245667,0.8427152037620544,0.9486755132675171,0.5149006622516556,0.001,float,,,,,,,,,,,,,,,,,,,,,,,,,,,,
68,3.5009748935699463,0.4738914668560028,0.4977467656135559,0.501964271068573,0.5523563027381897,0.5833767056465149,0.6773712635040283,0.2142675817012787,0.8381190299987793,0.8272992372512817,0.8181439638137817,0.817311704158783,0.7990012764930725,0.7640449404716492,0.928006649017334,2.254251718521118,0.3148776590824127,0.26037779450416565,0.2496543526649475,0.32892677187919617,0.39679741859436035,0.5400646328926086,0.1635526865720749,0.8973509669303894,0.9188741445541382,0.9321191906929016,0.9155629277229309,0.8741722106933594,0.8443708419799805,0.9470198750495911,0.5115894039735099,0.001,float,,,,,,,,,,,,,,,,,,,,,,,,,,,,
69,3.5732016563415527,0.4825004041194916,0.5172279477119446,0.48846712708473206,0.5477651953697205,0.5873429179191589,0.711150050163269,0.23874695599079132,0.8277153372764587,0.8210570216178894,0.8264669179916382,0.8143986463546753,0.7956720590591431,0.742821455001831,0.9151061177253723,2.216789484024048,0.3455285429954529,0.2531171143054962,0.24140261113643646,0.3112899363040924,0.383355051279068,0.5210999846458435,0.16099639236927032,0.8990066051483154,0.9238410592079163,0.9304635524749756,0.9122516512870789,0.8774834275245667,0.8509933948516846,0.9519867300987244,0.5264900662251656,0.001,float,,,,,,,,,,,,,,,,,,,,,,,,,,,,
70,3.6220571994781494,0.5075823068618774,0.5094906091690063,0.506202757358551,0.5710282921791077,0.6021221280097961,0.6809361577033997,0.24469470977783203,0.8310445547103882,0.8227216005325317,0.8239700198173523,0.8023304343223572,0.7877652645111084,0.7586350440979004,0.9159384369850159,2.2750086784362793,0.3360850214958191,0.27556613087654114,0.2559702396392822,0.3236350119113922,0.37577417492866516,0.5513370037078857,0.15664121508598328,0.8956953883171082,0.9188741445541382,0.9304635524749756,0.9188741445541382,0.887417197227478,0.8344370722770691,0.9519867300987244,0.5198675496688742,0.001,float,,,,,,,,,,,,,,,,,,,,,,,,,,,,
71,3.4994657039642334,0.48725464940071106,0.5206524133682251,0.5016356110572815,0.544431746006012,0.5462640523910522,0.6737241744995117,0.22550320625305176,0.836454451084137,0.8152309656143188,0.8252184987068176,0.8135663866996765,0.8085725903511047,0.7682064175605774,0.9259259104728699,2.2207694053649902,0.3295043706893921,0.25210246443748474,0.24508652091026306,0.32006654143333435,0.3799545466899872,0.5518102645874023,0.14224457740783691,0.9006622433662415,0.9221854209899902,0.9387417435646057,0.9122516512870789,0.8923841118812561,0.8443708419799805,0.9569536447525024,0.543046357615894,0.001,float,,,,,,,,,,,,,,,,,,,,,,,,,,,,
72,3.5401058197021484,0.47802260518074036,0.5129801034927368,0.48898354172706604,0.535208523273468,0.5899615287780762,0.698987603187561,0.23596246540546417,0.8435289263725281,0.8139825463294983,0.8331252336502075,0.8143986463546753,0.7952559590339661,0.7611319422721863,0.9188514351844788,2.2537336349487305,0.31782403588294983,0.26850080490112305,0.24863985180854797,0.3374292850494385,0.3722072243690491,0.5501033663749695,0.1590290516614914,0.9039735198020935,0.9155629277229309,0.9337748289108276,0.9072847962379456,0.8857616186141968,0.8344370722770691,0.9486755132675171,0.5380794701986755,0.001,float,,,,,,,,,,,,,,,,,,,,,,,,,,,,
73,3.455937623977661,0.48490652441978455,0.5047953724861145,0.4811323881149292,0.5281993746757507,0.5702211260795593,0.6574465036392212,0.2292359620332718,0.8347898721694946,0.8264669179916382,0.8239700198173523,0.8119018077850342,0.8010819554328918,0.774032473564148,0.9205160140991211,2.34238338470459,0.3393230438232422,0.2720385193824768,0.2679867148399353,0.3388179540634155,0.3850659132003784,0.571725606918335,0.16742564737796783,0.889072835445404,0.9221854209899902,0.9254966974258423,0.9089403748512268,0.8824503421783447,0.8360927104949951,0.9519867300987244,0.5066225165562914,0.001,float,,,,,,,,,,,,,,,,,,,,,,,,,,,,
74,3.569201946258545,0.5117288827896118,0.5193827152252197,0.488506942987442,0.5380895733833313,0.5992873907089233,0.6910692453384399,0.221136674284935,0.8193924427032471,0.8206408619880676,0.8356221318244934,0.8098210692405701,0.7973366379737854,0.7586350440979004,0.9238451719284058,2.2408242225646973,0.3332445025444031,0.2628506124019623,0.23857998847961426,0.33152344822883606,0.3764542043209076,0.5379651784896851,0.1602063775062561,0.9039735198020935,0.9172185659408569,0.9370861053466797,0.9089403748512268,0.887417197227478,0.8410596251487732,0.9536423683166504,0.5314569536423841,0.001,float,,,,,,,,,,,,,,,,,,,,,,,,,,,,
75,3.4715235233306885,0.46350228786468506,0.5060269832611084,0.4480077028274536,0.5317330956459045,0.5980808138847351,0.6929915547370911,0.231181338429451,0.8418643474578857,0.8218892812728882,0.8356221318244934,0.8210570216178894,0.7956720590591431,0.7636287808418274,0.9238451719284058,2.263549327850342,0.3220003545284271,0.2887534201145172,0.23725125193595886,0.3286121189594269,0.3712581992149353,0.5543720722198486,0.16130179166793823,0.9056291580200195,0.9089403748512268,0.9387417435646057,0.9056291580200195,0.887417197227478,0.8344370722770691,0.9536423683166504,0.5165562913907285,0.001,float,,,,,,,,,,,,,,,,,,,,,,,,,,,,
76,3.4575064182281494,0.5038173198699951,0.4875045418739319,0.4749031364917755,0.5163694620132446,0.5613690614700317,0.6990097165107727,0.2145330160856247,0.8252184987068176,0.8331252336502075,0.8385351896286011,0.8256345987319946,0.8019142746925354,0.7544735670089722,0.9200998544692993,2.219679594039917,0.32346051931381226,0.2664654552936554,0.24168843030929565,0.311248242855072,0.37557658553123474,0.55474454164505,0.14649607241153717,0.9105960130691528,0.9205297827720642,0.9337748289108276,0.9089403748512268,0.8857616186141968,0.8344370722770691,0.9569536447525024,0.5231788079470199,0.001,float,,,,,,,,,,,,,,,,,,,,,,,,,,,,
77,3.42051362991333,0.48923352360725403,0.5016466975212097,0.44887757301330566,0.5276751518249512,0.5470168590545654,0.670864999294281,0.23519916832447052,0.8347898721694946,0.8218892812728882,0.841448187828064,0.817311704158783,0.8023304343223572,0.7594673037528992,0.9213483333587646,2.2632081508636475,0.3500976264476776,0.28010135889053345,0.239701047539711,0.3161848485469818,0.36830297112464905,0.5443047285079956,0.16451556980609894,0.9023178815841675,0.9172185659408569,0.9337748289108276,0.9072847962379456,0.8907284736633301,0.8476821184158325,0.9486755132675171,0.5447019867549668,0.001,float,,,,,,,,,,,,,,,,,,,,,,,,,,,,
78,3.3678081035614014,0.4835125803947449,0.4962490499019623,0.47986164689064026,0.5115559101104736,0.5336524844169617,0.6374911069869995,0.22548477351665497,0.8335413932800293,0.82688307762146,0.8264669179916382,0.8181439638137817,0.8185601234436035,0.7719517350196838,0.9192675948143005,2.1526780128479004,0.3273721933364868,0.2542983889579773,0.22214354574680328,0.3002290427684784,0.358274906873703,0.544571578502655,0.14578837156295776,0.9023178815841675,0.9321191906929016,0.942052960395813,0.9056291580200195,0.8973509669303894,0.860927164554596,0.9602649211883545,0.5596026490066225,0.001,float,,,,,,,,,,,,,,,,,,,,,,,,,,,,
79,3.3331174850463867,0.4385204613208771,0.5099579095840454,0.4544721841812134,0.49827149510383606,0.5711048245429993,0.6386771202087402,0.22211356461048126,0.8489388227462769,0.8198086023330688,0.8431127667427063,0.8231377601623535,0.8023304343223572,0.7815231084823608,0.9234290719032288,2.121870517730713,0.32551518082618713,0.249741330742836,0.23510822653770447,0.2990061938762665,0.3631744682788849,0.5105453133583069,0.13878001272678375,0.9023178815841675,0.9205297827720642,0.9238410592079163,0.9122516512870789,0.8940397500991821,0.8592715263366699,0.9619205594062805,0.5496688741721855,0.001,float,,,,,,,,,,,,,,,,,,,,,,,,,,,,
80,3.3836302757263184,0.4575777053833008,0.4797065556049347,0.4745467007160187,0.542531430721283,0.5919522643089294,0.6145399212837219,0.2227751761674881,0.8389512896537781,0.8281314969062805,0.831876814365387,0.8227216005325317,0.7940074801445007,0.7890137434005737,0.9234290719032288,2.0679261684417725,0.3163909614086151,0.24581502377986908,0.2164948284626007,0.3045360743999481,0.34881433844566345,0.5001606345176697,0.13571427762508392,0.9139072895050049,0.9321191906929016,0.943708598613739,0.8990066051483154,0.889072835445404,0.8543046116828918,0.9569536447525024,0.5496688741721855,0.001,float,,,,,,,,,,,,,,,,,,,,,,,,,,,,
81,3.291085958480835,0.4551246166229248,0.46919769048690796,0.4715731739997864,0.5085196495056152,0.5594871640205383,0.6290561556816101,0.1981271207332611,0.8401997685432434,0.8314606547355652,0.831876814365387,0.8252184987068176,0.807740330696106,0.7894299030303955,0.9334165453910828,2.1179091930389404,0.311351478099823,0.24876010417938232,0.23088178038597107,0.31460845470428467,0.35367411375045776,0.5190068483352661,0.1396264135837555,0.9105960130691528,0.9271523356437683,0.9337748289108276,0.9122516512870789,0.8940397500991821,0.8526490330696106,0.9569536447525024,0.543046357615894,0.001,float,,,,,,,,,,,,,,,,,,,,,,,,,,,,
82,3.120952844619751,0.41876932978630066,0.42740198969841003,0.4521339237689972,0.4724218249320984,0.5349648594856262,0.6075583100318909,0.20770268142223358,0.8531002998352051,0.8506034016609192,0.8397836089134216,0.8331252336502075,0.8114856481552124,0.7798585295677185,0.9221805930137634,2.0554587841033936,0.3215511441230774,0.23381982743740082,0.21188101172447205,0.31637027859687805,0.34590861201286316,0.4953097403049469,0.13061827421188354,0.9023178815841675,0.9370861053466797,0.943708598613739,0.9122516512870789,0.887417197227478,0.8493377566337585,0.9552980065345764,0.5314569536423841,0.001,float,,,,,,,,,,,,,,,,,,,,,,,,,,,,
83,3.260209321975708,0.4698433578014374,0.4423581659793854,0.46306049823760986,0.5044928193092346,0.5523184537887573,0.6174942851066589,0.21064259111881256,0.8418643474578857,0.8551810383796692,0.8393674492835999,0.8248023390769958,0.8085725903511047,0.7898460030555725,0.9255097508430481,2.101574420928955,0.3221700191497803,0.240449920296669,0.2352205514907837,0.2967182993888855,0.36278626322746277,0.5162630677223206,0.1279664784669876,0.9105960130691528,0.9321191906929016,0.9304635524749756,0.9105960130691528,0.889072835445404,0.8443708419799805,0.9635761380195618,0.5281456953642384,0.001,float,,,,,,,,,,,,,,,,,,,,,,,,,,,,
84,3.186018466949463,0.4509497284889221,0.4838085472583771,0.44821566343307495,0.47355106472969055,0.5266384482383728,0.6089093685150146,0.1939457207918167,0.8422805070877075,0.8302122354507446,0.8518518805503845,0.8343737125396729,0.8198086023330688,0.7861006855964661,0.9338327050209045,2.0296895503997803,0.3014160096645355,0.2333008199930191,0.2141137570142746,0.2869943380355835,0.3567101061344147,0.5081907510757446,0.1289634257555008,0.9139072895050049,0.9254966974258423,0.9354304671287537,0.9155629277229309,0.9023178815841675,0.8493377566337585,0.9552980065345764,0.5347682119205298,0.001,float,,,,,,,,,,,,,,,,,,,,,,,,,,,,
85,3.194831609725952,0.4446277320384979,0.500907838344574,0.43201014399528503,0.4784958064556122,0.5199612379074097,0.6337676048278809,0.1850610375404358,0.8476904034614563,0.8352059721946716,0.8456096649169922,0.8401997685432434,0.8206408619880676,0.7811069488525391,0.932584285736084,1.9936299324035645,0.3134589195251465,0.2249145805835724,0.2127360850572586,0.27426865696907043,0.35303765535354614,0.4914083480834961,0.12380589544773102,0.9072847962379456,0.9354304671287537,0.9321191906929016,0.9271523356437683,0.9039735198020935,0.8576158881187439,0.9586092829704285,0.5529801324503312,0.001,float,,,,,,,,,,,,,,,,,,,,,,,,,,,,
86,3.0233404636383057,0.398240327835083,0.44255152344703674,0.4058687388896942,0.4701528549194336,0.5014333724975586,0.6082112789154053,0.19688259065151215,0.8622555136680603,0.846441924571991,0.8522679805755615,0.8489388227462769,0.8243861794471741,0.7915105819702148,0.928006649017334,2.05393648147583,0.3298267126083374,0.2365563064813614,0.20963388681411743,0.29755523800849915,0.3583764433860779,0.49701982736587524,0.12496837228536606,0.9006622433662415,0.9304635524749756,0.9387417435646057,0.9139072895050049,0.9105960130691528,0.8675496578216553,0.9536423683166504,0.5513245033112583,0.001,float,,,,,,,,,,,,,,,,,,,,,,,,,,,,
87,3.1366097927093506,0.41235920786857605,0.4382461905479431,0.41642284393310547,0.49529021978378296,0.5405150651931763,0.599977433681488,0.2337985634803772,0.856013298034668,0.8526841402053833,0.8522679805755615,0.8393674492835999,0.8135663866996765,0.793591320514679,0.9176030158996582,1.9842054843902588,0.30636173486709595,0.22044233977794647,0.2038334161043167,0.2924611568450928,0.3417243957519531,0.49273666739463806,0.1266457736492157,0.9122516512870789,0.9337748289108276,0.9321191906929016,0.9172185659408569,0.8907284736633301,0.8576158881187439,0.9552980065345764,0.543046357615894,0.001,float,,,,,,,,,,,,,,,,,,,,,,,,,,,,
88,3.0990984439849854,0.4480755627155304,0.4350301921367645,0.46319007873535156,0.4738621115684509,0.5149883031845093,0.5675857067108154,0.19636663794517517,0.846025824546814,0.8389512896537781,0.8439450860023499,0.836454451084137,0.8193924427032471,0.8069080114364624,0.9330004453659058,1.9832109212875366,0.30308905243873596,0.22199994325637817,0.21065448224544525,0.29771968722343445,0.3404480218887329,0.48513415455818176,0.12416547536849976,0.9105960130691528,0.9370861053466797,0.942052960395813,0.9122516512870789,0.8956953883171082,0.862582802772522,0.9569536447525024,0.554635761589404,0.001,float,,,,,,,,,,,,,,,,,,,,,,,,,,,,
89,3.06061053276062,0.41150668263435364,0.4278751015663147,0.427439421415329,0.4476029872894287,0.5392046570777893,0.5961670279502869,0.21081426739692688,0.8610070943832397,0.8497711420059204,0.8501872420310974,0.8476904034614563,0.8160632252693176,0.7877652645111084,0.9300873875617981,2.0364463329315186,0.31402990221977234,0.23573465645313263,0.22979511320590973,0.28423234820365906,0.361240029335022,0.49005982279777527,0.12135447561740875,0.9072847962379456,0.9254966974258423,0.9387417435646057,0.9221854209899902,0.8956953883171082,0.8559602499008179,0.9635761380195618,0.5562913907284768,0.001,float,,,,,,,,,,,,,,,,,,,,,,,,,,,,
90,3.113293170928955,0.4268733859062195,0.4528641998767853,0.43068185448646545,0.4735926389694214,0.5140608549118042,0.6038126945495605,0.21140789985656738,0.855597198009491,0.8501872420310974,0.8501872420310974,0.8393674492835999,0.8243861794471741,0.7894299030303955,0.9309197068214417,2.0106563568115234,0.3083594739437103,0.23775605857372284,0.21027226746082306,0.28403404355049133,0.3466717004776001,0.49651387333869934,0.12704898416996002,0.9039735198020935,0.9321191906929016,0.9387417435646057,0.9172185659408569,0.9039735198020935,0.8543046116828918,0.9619205594062805,0.5678807947019867,0.001,float,,,,,,,,,,,,,,,,,,,,,,,,,,,,
91,3.037044048309326,0.439411461353302,0.4559536576271057,0.40658894181251526,0.44896429777145386,0.4886896312236786,0.5883114337921143,0.20912469923496246,0.8543487191200256,0.8485226631164551,0.8593425154685974,0.8468580842018127,0.8289638161659241,0.8094049096107483,0.9234290719032288,2.005018711090088,0.29775020480155945,0.237277552485466,0.20843034982681274,0.29828161001205444,0.36174333095550537,0.4761107861995697,0.12542472779750824,0.9172185659408569,0.9370861053466797,0.943708598613739,0.9072847962379456,0.8923841118812561,0.8592715263366699,0.9536423683166504,0.5529801324503312,0.001,float,,,,,,,,,,,,,,,,,,,,,,,,,,,,
92,3.0062906742095947,0.4130178391933441,0.42702776193618774,0.4461556077003479,0.44020557403564453,0.5018656253814697,0.5731072425842285,0.20491088926792145,0.8543487191200256,0.8514357209205627,0.8468580842018127,0.8456096649169922,0.8252184987068176,0.8019142746925354,0.9305035471916199,2.0645360946655273,0.3179420232772827,0.2490520030260086,0.22174333035945892,0.2849285304546356,0.3640560507774353,0.4899059534072876,0.13690787553787231,0.9023178815841675,0.9254966974258423,0.9387417435646057,0.9221854209899902,0.8956953883171082,0.8559602499008179,0.9569536447525024,0.5397350993377483,0.001,float,,,,,,,,,,,,,,,,,,,,,,,,,,,,
93,3.003854513168335,0.4326882064342499,0.45098280906677246,0.41524407267570496,0.4411979615688324,0.4914439022541046,0.5711143016815186,0.20118321478366852,0.8385351896286011,0.846441924571991,0.8568456172943115,0.8435289263725281,0.8401997685432434,0.8019142746925354,0.932584285736084,1.9854228496551514,0.29693910479545593,0.22915644943714142,0.2176358997821808,0.26959413290023804,0.3697214126586914,0.48024263978004456,0.12213321775197983,0.9089403748512268,0.9387417435646057,0.9370861053466797,0.9271523356437683,0.8940397500991821,0.862582802772522,0.9503311514854431,0.5596026490066225,0.001,float,,,,,,,,,,,,,,,,,,,,,,,,,,,,
94,3.0151684284210205,0.43465206027030945,0.436707079410553,0.3957449495792389,0.4874477982521057,0.5106781125068665,0.5662124752998352,0.1837262362241745,0.8489388227462769,0.846441924571991,0.8668331503868103,0.8306283950805664,0.8252184987068176,0.7998335361480713,0.942155659198761,2.0396575927734375,0.30408018827438354,0.2349003404378891,0.21995067596435547,0.2984674572944641,0.3657691478729248,0.49197614192962646,0.12451329827308655,0.9089403748512268,0.9304635524749756,0.9337748289108276,0.9254966974258423,0.9023178815841675,0.8576158881187439,0.9586092829704285,0.5596026490066225,0.001,float,,,,,,,,,,,,,,,,,,,,,,,,,,,,
95,2.925273895263672,0.43632832169532776,0.43937721848487854,0.4038694500923157,0.44596439599990845,0.47047534584999084,0.5515975952148438,0.17766138911247253,0.8393674492835999,0.8456096649169922,0.8622555136680603,0.8418643474578857,0.8289638161659241,0.8143986463546753,0.9459009766578674,1.994415283203125,0.30747222900390625,0.22063249349594116,0.22220510244369507,0.2697274684906006,0.3421476185321808,0.49838852882385254,0.13384203612804413,0.9039735198020935,0.9387417435646057,0.9387417435646057,0.9254966974258423,0.9023178815841675,0.8394039869308472,0.9552980065345764,0.543046357615894,0.001,float,,,,,,,,,,,,,,,,,,,,,,,,,,,,
96,2.877938747406006,0.41724419593811035,0.39427682757377625,0.40275588631629944,0.44457387924194336,0.48744305968284607,0.5611006021499634,0.17054472863674164,0.8601747751235962,0.8572617769241333,0.860590934753418,0.8485226631164551,0.8243861794471741,0.807740330696106,0.9417394995689392,1.9930840730667114,0.30626752972602844,0.24678191542625427,0.23208820819854736,0.2773427963256836,0.338051974773407,0.4670855402946472,0.12546595931053162,0.9089403748512268,0.9354304671287537,0.9337748289108276,0.9188741445541382,0.9056291580200195,0.8559602499008179,0.9536423683166504,0.5662251655629139,0.001,float,,,,,,,,,,,,,,,,,,,,,,,,,,,,
97,2.8303439617156982,0.39254826307296753,0.40192389488220215,0.4088292121887207,0.40114229917526245,0.5005306601524353,0.5568172931671143,0.16855260729789734,0.8693299889564514,0.8585101962089539,0.8635039329528809,0.860590934753418,0.82230544090271,0.7960882186889648,0.9379941821098328,1.9777508974075317,0.2942051589488983,0.2269405573606491,0.21050110459327698,0.2918506860733032,0.3389076888561249,0.4727809429168701,0.14256474375724792,0.9172185659408569,0.9304635524749756,0.9370861053466797,0.9188741445541382,0.9139072895050049,0.8493377566337585,0.9486755132675171,0.5612582781456954,0.001,float,,,,,,,,,,,,,,,,,,,,,,,,,,,,
98,2.8557913303375244,0.4030068814754486,0.4157395362854004,0.4061826467514038,0.4698754549026489,0.47729766368865967,0.5008776783943176,0.18281175196170807,0.856013298034668,0.8589263558387756,0.8626716732978821,0.8314606547355652,0.8248023390769958,0.8289638161659241,0.9346650242805481,1.966467261314392,0.29824140667915344,0.2280702143907547,0.22747348248958588,0.2947773039340973,0.34061524271965027,0.4486902058124542,0.1285996288061142,0.9105960130691528,0.9254966974258423,0.9354304671287537,0.9188741445541382,0.8990066051483154,0.8725165724754333,0.9552980065345764,0.5480132450331126,0.001,float,,,,,,,,,,,,,,,,,,,,,,,,,,,,
99,2.859647750854492,0.39421817660331726,0.404742568731308,0.3996638059616089,0.44514724612236023,0.4971187114715576,0.5318193435668945,0.18693672120571136,0.8676654100418091,0.855597198009491,0.8626716732978821,0.8451935052871704,0.8289638161659241,0.8177278637886047,0.9330004453659058,1.9577683210372925,0.28327053785324097,0.2230433225631714,0.22408920526504517,0.2674677073955536,0.35244691371917725,0.48067736625671387,0.12677304446697235,0.9089403748512268,0.9354304671287537,0.9370861053466797,0.9172185659408569,0.9006622433662415,0.862582802772522,0.9586092829704285,0.5513245033112583,0.001,float,,,,,,,,,,,,,,,,,,,,,,,,,,,,
100,2.824554204940796,0.40842318534851074,0.40124189853668213,0.39646175503730774,0.42039960622787476,0.49666860699653625,0.5435503721237183,0.15780828893184662,0.8618393540382385,0.8576778769493103,0.8593425154685974,0.8601747751235962,0.8272992372512817,0.802746593952179,0.9417394995689392,1.9348348379135132,0.3143499493598938,0.22741590440273285,0.2102430909872055,0.27163979411125183,0.3208746016025543,0.4752708673477173,0.11504088342189789,0.9023178815841675,0.940397322177887,0.9337748289108276,0.9172185659408569,0.9056291580200195,0.8675496578216553,0.9602649211883545,0.5612582781456954,0.001,float,,,,,,,,,,,,,,,,,,,,,,,,,,,,
101,2.8823959827423096,0.42740124464035034,0.4290817081928253,0.4135895371437073,0.4128653407096863,0.48830339312553406,0.5370593667030334,0.17409472167491913,0.8456096649169922,0.8431127667427063,0.8531002998352051,0.8535164594650269,0.8356221318244934,0.8106533288955688,0.9388264417648315,1.9947940111160278,0.30359163880348206,0.23407778143882751,0.2055167704820633,0.3067362606525421,0.3266964256763458,0.4932122230529785,0.12496301531791687,0.9089403748512268,0.9238410592079163,0.9470198750495911,0.9172185659408569,0.9072847962379456,0.8658940196037292,0.9652317762374878,0.5629139072847682,0.001,float,,,,,,,,,,,,,,,,,,,,,,,,,,,,
102,2.7027573585510254,0.3663059175014496,0.4234735369682312,0.3834437429904938,0.41933223605155945,0.44572675228118896,0.49465593695640564,0.16981974244117737,0.875156044960022,0.8543487191200256,0.8734914660453796,0.8576778769493103,0.8447773456573486,0.8272992372512817,0.9446524977684021,1.9749072790145874,0.29942503571510315,0.22640500962734222,0.22645041346549988,0.2788456380367279,0.334669828414917,0.4932561218738556,0.11585523933172226,0.9072847962379456,0.9321191906929016,0.9370861053466797,0.9139072895050049,0.9006622433662415,0.8658940196037292,0.9652317762374878,0.5513245033112583,0.001,float,,,,,,,,,,,,,,,,,,,,,,,,,,,,
103,2.806380033493042,0.41825807094573975,0.39928746223449707,0.37953507900238037,0.443537175655365,0.4598389267921448,0.5262126922607422,0.17971046268939972,0.8585101962089539,0.8572617769241333,0.8672492504119873,0.8472742438316345,0.8418643474578857,0.8177278637886047,0.9388264417648315,1.9640133380889893,0.2927216589450836,0.22608886659145355,0.2143489569425583,0.28321945667266846,0.34096676111221313,0.4796523153781891,0.12701532244682312,0.9139072895050049,0.9321191906929016,0.943708598613739,0.9205297827720642,0.8940397500991821,0.8576158881187439,0.9586092829704285,0.5480132450331126,0.001,float,,,,,,,,,,,,,,,,,,,,,,,,,,,,
104,2.791545867919922,0.3855930268764496,0.43178942799568176,0.36987534165382385,0.4153270125389099,0.4924095869064331,0.5218949317932129,0.17465655505657196,0.8660008311271667,0.8539325594902039,0.8689138293266296,0.8551810383796692,0.8352059721946716,0.8168955445289612,0.9384103417396545,2.086956739425659,0.30767399072647095,0.2525859475135803,0.22573241591453552,0.3116436004638672,0.35449814796447754,0.5025133490562439,0.13230930268764496,0.9139072895050049,0.9254966974258423,0.9370861053466797,0.9221854209899902,0.8990066051483154,0.8758277893066406,0.9552980065345764,0.5645695364238411,0.001,float,,,,,,,,,,,,,,,,,,,,,,,,,,,,
105,2.7634315490722656,0.36417433619499207,0.42220810055732727,0.3760378658771515,0.4381316304206848,0.4369703233242035,0.5385876297950745,0.18732108175754547,0.8726591467857361,0.8497711420059204,0.8722430467605591,0.846025824546814,0.8489388227462769,0.8052434325218201,0.9359134435653687,1.9769185781478882,0.3032163679599762,0.23231229186058044,0.2094174027442932,0.3059658408164978,0.3340817391872406,0.4630882441997528,0.12883679568767548,0.9139072895050049,0.9271523356437683,0.9370861053466797,0.9271523356437683,0.9006622433662415,0.8692052960395813,0.9569536447525024,0.5612582781456954,0.001,float,,,,,,,,,,,,,,,,,,,,,,,,,,,,
106,2.681868076324463,0.3673252463340759,0.39246729016304016,0.4054686427116394,0.3825773000717163,0.44670018553733826,0.5068983435630798,0.18043047189712524,0.8743237853050232,0.8660008311271667,0.8626716732978821,0.8768206238746643,0.8468580842018127,0.8210570216178894,0.9330004453659058,1.8923237323760986,0.28748056292533875,0.20550674200057983,0.21702514588832855,0.27831822633743286,0.3398709297180176,0.44045165181159973,0.1236705556511879,0.9122516512870789,0.942052960395813,0.9370861053466797,0.9205297827720642,0.9089403748512268,0.8741722106933594,0.9569536447525024,0.5910596026490066,0.001,float,,,,,,,,,,,,,,,,,,,,,,,,,,,,
107,2.7228410243988037,0.38418546319007874,0.39849603176116943,0.40975746512413025,0.4062998592853546,0.442388653755188,0.5008572340011597,0.1808558851480484,0.8660008311271667,0.8651685118675232,0.8580940365791321,0.8481065630912781,0.8443611860275269,0.8239700198173523,0.937578022480011,1.8996855020523071,0.296366810798645,0.21195127069950104,0.21045346558094025,0.28827840089797974,0.3235311806201935,0.44562581181526184,0.12347833812236786,0.9122516512870789,0.9321191906929016,0.940397322177887,0.9155629277229309,0.9089403748512268,0.8824503421783447,0.9569536447525024,0.5711920529801324,0.001,float,,,,,,,,,,,,,,,,,,,,,,,,,,,,
108,2.6724822521209717,0.3636326193809509,0.37921711802482605,0.3692527115345001,0.4015722870826721,0.4599485993385315,0.5460078120231628,0.1528514325618744,0.8755722045898438,0.8630878329277039,0.8714107275009155,0.8651685118675232,0.8335413932800293,0.8156471252441406,0.9463170766830444,1.9115397930145264,0.30239591002464294,0.21525022387504578,0.20514054596424103,0.28983384370803833,0.32431653141975403,0.46100756525993347,0.113595150411129,0.9122516512870789,0.9321191906929016,0.942052960395813,0.9139072895050049,0.9072847962379456,0.8592715263366699,0.9619205594062805,0.5596026490066225,0.001,float,,,,,,,,,,,,,,,,,,,,,,,,,,,,
109,2.6877732276916504,0.3705102503299713,0.3681350350379944,0.39637017250061035,0.41143593192100525,0.431384801864624,0.5288946628570557,0.18104228377342224,0.8693299889564514,0.8722430467605591,0.8585101962089539,0.8580940365791321,0.8431127667427063,0.8181439638137817,0.942571759223938,1.9572689533233643,0.31670814752578735,0.217870831489563,0.1995885670185089,0.3186526894569397,0.33963367342948914,0.44667917490005493,0.11813601106405258,0.9089403748512268,0.940397322177887,0.940397322177887,0.9139072895050049,0.9056291580200195,0.8758277893066406,0.9652317762374878,0.5728476821192053,0.001,float,,,,,,,,,,,,,,,,,,,,,,,,,,,,
110,2.725797176361084,0.3819604218006134,0.3925703167915344,0.36765533685684204,0.4106653928756714,0.4623810648918152,0.5279065370559692,0.18265840411186218,0.8635039329528809,0.8597586154937744,0.8759883642196655,0.8564294576644897,0.836454451084137,0.8168955445289612,0.9384103417396545,1.8854936361312866,0.2934553623199463,0.2026878446340561,0.19965407252311707,0.2957812249660492,0.32437559962272644,0.45250627398490906,0.11703316867351532,0.9172185659408569,0.9354304671287537,0.9387417435646057,0.9221854209899902,0.9039735198020935,0.8692052960395813,0.9619205594062805,0.5794701986754967,0.001,float,,,,,,,,,,,,,,,,,,,,,,,,,,,,
111,2.6984832286834717,0.37578085064888,0.39584487676620483,0.3833094537258148,0.39644595980644226,0.4472781717777252,0.5245603322982788,0.17526406049728394,0.8664169907569885,0.8668331503868103,0.8664169907569885,0.8601747751235962,0.8443611860275269,0.8193924427032471,0.9392426013946533,1.9673247337341309,0.3003149628639221,0.2165754735469818,0.21241436898708344,0.3040432333946228,0.34691038727760315,0.45621389150619507,0.13085223734378815,0.9105960130691528,0.940397322177887,0.9354304671287537,0.9188741445541382,0.9006622433662415,0.8642383813858032,0.9536423683166504,0.5662251655629139,0.001,float,,,,,,,,,,,,,,,,,,,,,,,,,,,,
112,2.6499180793762207,0.3635391294956207,0.3859868049621582,0.3817206621170044,0.3848872780799866,0.44948941469192505,0.5062991976737976,0.17799514532089233,0.8722430467605591,0.8668331503868103,0.8647524118423462,0.8718268871307373,0.8443611860275269,0.8160632252693176,0.9367457628250122,1.911388874053955,0.3123105466365814,0.21648336946964264,0.20586860179901123,0.2830500602722168,0.3277033865451813,0.4465741813182831,0.11939891427755356,0.9105960130691528,0.943708598613739,0.943708598613739,0.9188741445541382,0.9039735198020935,0.8725165724754333,0.9586092829704285,0.5794701986754967,0.001,float,,,,,,,,,,,,,,,,,,,,,,,,,,,,
113,2.697248697280884,0.3688831329345703,0.4018295109272003,0.4043961763381958,0.40637946128845215,0.4352240562438965,0.5132256746292114,0.16731107234954834,0.8739076256752014,0.8639200925827026,0.8630878329277039,0.8576778769493103,0.8489388227462769,0.8168955445289612,0.9417394995689392,1.944271206855774,0.3060874938964844,0.2128596305847168,0.20555320382118225,0.29560360312461853,0.34666767716407776,0.4521040618419647,0.12539564073085785,0.9039735198020935,0.942052960395813,0.9470198750495911,0.9172185659408569,0.9039735198020935,0.8708609342575073,0.9586092829704285,0.5695364238410596,0.001,float,,,,,,,,,,,,,,,,,,,,,,,,,,,,
114,2.6818673610687256,0.34767839312553406,0.3953857123851776,0.3797959089279175,0.40932273864746094,0.47246408462524414,0.5048965215682983,0.1723245084285736,0.8764045238494873,0.8689138293266296,0.8651685118675232,0.8576778769493103,0.8418643474578857,0.831876814365387,0.9384103417396545,1.9869786500930786,0.3116089403629303,0.23321151733398438,0.211621955037117,0.3047577738761902,0.3396431803703308,0.4699041545391083,0.11623112112283707,0.9056291580200195,0.9354304671287537,0.9354304671287537,0.9172185659408569,0.8956953883171082,0.8675496578216553,0.9635761380195618,0.5596026490066225,0.001,float,,,,,,,,,,,,,,,,,,,,,,,,,,,,
115,2.632976531982422,0.3693998157978058,0.37948617339134216,0.33673346042633057,0.4251200556755066,0.44299402832984924,0.5109359622001648,0.16830644011497498,0.8722430467605591,0.8705784678459167,0.8851435780525208,0.8518518805503845,0.8489388227462769,0.8202247023582458,0.9454848170280457,2.000669479370117,0.3048277199268341,0.2314096987247467,0.20218437910079956,0.2967846989631653,0.3613930344581604,0.486930787563324,0.1171393096446991,0.9122516512870789,0.9354304671287537,0.9387417435646057,0.9172185659408569,0.9023178815841675,0.8559602499008179,0.9635761380195618,0.5645695364238411,0.001,float,,,,,,,,,,,,,,,,,,,,,,,,,,,,
116,2.558560848236084,0.36418578028678894,0.3662548363208771,0.37215080857276917,0.37854644656181335,0.43864500522613525,0.48222115635871887,0.15655730664730072,0.8697461485862732,0.8776529431343079,0.8689138293266296,0.8689138293266296,0.8418643474578857,0.8256345987319946,0.9467332363128662,1.8948347568511963,0.29416516423225403,0.2293182760477066,0.20418713986873627,0.2834581732749939,0.3520727753639221,0.4205833375453949,0.11104979366064072,0.9089403748512268,0.9321191906929016,0.9387417435646057,0.9221854209899902,0.9039735198020935,0.8807947039604187,0.9635761380195618,0.5860927152317881,0.001,float,,,,,,,,,,,,,,,,,,,,,,,,,,,,
117,2.5479650497436523,0.3703274130821228,0.37065425515174866,0.3722290098667145,0.39423471689224243,0.41245388984680176,0.4704348146915436,0.15763160586357117,0.8676654100418091,0.8743237853050232,0.8684977293014526,0.856013298034668,0.8539325594902039,0.8381190299987793,0.9450686573982239,1.9944202899932861,0.2992401719093323,0.23365263640880585,0.23600827157497406,0.3058013916015625,0.36152005195617676,0.4428572356700897,0.11534066498279572,0.9122516512870789,0.9354304671287537,0.9354304671287537,0.9122516512870789,0.9006622433662415,0.8758277893066406,0.9619205594062805,0.5778145695364238,0.001,float,,,,,,,,,,,,,,,,,,,,,,,,,,,,
118,2.618803024291992,0.365291029214859,0.3927956819534302,0.3918086886405945,0.3896690905094147,0.43512970209121704,0.4653756022453308,0.17873264849185944,0.870162308216095,0.8664169907569885,0.860590934753418,0.8714107275009155,0.8526841402053833,0.8339575529098511,0.9354972839355469,1.9472534656524658,0.31188079714775085,0.2240878790616989,0.21782325208187103,0.2962239384651184,0.33403968811035156,0.442920446395874,0.12027734518051147,0.9089403748512268,0.942052960395813,0.940397322177887,0.9271523356437683,0.9039735198020935,0.862582802772522,0.9652317762374878,0.5761589403973509,0.001,float,,,,,,,,,,,,,,,,,,,,,,,,,,,,
119,2.6037492752075195,0.3625267446041107,0.35739290714263916,0.3925892114639282,0.39967477321624756,0.4279038906097412,0.5015944838523865,0.1620672196149826,0.8722430467605591,0.8759883642196655,0.8535164594650269,0.8580940365791321,0.8451935052871704,0.8164793848991394,0.9459009766578674,2.0544159412384033,0.332775354385376,0.243937686085701,0.21003209054470062,0.3451859652996063,0.3467263877391815,0.45643702149391174,0.11932116746902466,0.9072847962379456,0.9221854209899902,0.942052960395813,0.9039735198020935,0.9039735198020935,0.8708609342575073,0.9602649211883545,0.5496688741721855,0.001,float,,,,,,,,,,,,,,,,,,,,,,,,,,,,
120,2.4644579887390137,0.34060975909233093,0.36699384450912476,0.35366907715797424,0.35555705428123474,0.41549408435821533,0.4690817594528198,0.16305246949195862,0.8809821009635925,0.870162308216095,0.8876404762268066,0.8743237853050232,0.8522679805755615,0.831876814365387,0.9434040784835815,1.9558614492416382,0.30352550745010376,0.23277759552001953,0.21818770468235016,0.2862750291824341,0.33849668502807617,0.46616363525390625,0.11043562740087509,0.9122516512870789,0.942052960395813,0.9288079738616943,0.9205297827720642,0.9023178815841675,0.8559602499008179,0.9668874144554138,0.5827814569536424,0.001,float,,,,,,,,,,,,,,,,,,,,,,,,,,,,
121,2.494123697280884,0.3314245343208313,0.3713071942329407,0.3669538199901581,0.36943480372428894,0.4158341884613037,0.4762357175350189,0.1629340797662735,0.8776529431343079,0.8676654100418091,0.8730753064155579,0.8697461485862732,0.8539325594902039,0.8335413932800293,0.942571759223938,1.8852561712265015,0.29721975326538086,0.21919555962085724,0.1970127373933792,0.2893409729003906,0.3386729061603546,0.43065011501312256,0.11316423118114471,0.9089403748512268,0.9337748289108276,0.9354304671287537,0.9254966974258423,0.9039735198020935,0.8692052960395813,0.9718543291091919,0.5811258278145696,0.0005,float,,,,,,,,,,,,,,,,,,,,,,,,,,,,
122,2.418046474456787,0.3492814898490906,0.35972800850868225,0.34394070506095886,0.38437870144844055,0.3910081088542938,0.4426589012145996,0.14705078303813934,0.875156044960022,0.8734914660453796,0.8851435780525208,0.8664169907569885,0.8622555136680603,0.8472742438316345,0.9496462941169739,1.8977396488189697,0.29536038637161255,0.21832510828971863,0.19765694439411163,0.2919144630432129,0.3355199098587036,0.43934211134910583,0.11962075531482697,0.9089403748512268,0.9387417435646057,0.9370861053466797,0.9221854209899902,0.9072847962379456,0.8692052960395813,0.9602649211883545,0.5827814569536424,0.0005,float,,,,,,,,,,,,,,,,,,,,,,,,,,,,
123,2.4388086795806885,0.3319290578365326,0.385995477437973,0.32555609941482544,0.36629167199134827,0.40347719192504883,0.47034600377082825,0.15521371364593506,0.8826466798782349,0.8610070943832397,0.879733681678772,0.8739076256752014,0.860590934753418,0.8343737125396729,0.9434040784835815,1.8670436143875122,0.2984458804130554,0.21328836679458618,0.19243787229061127,0.27647995948791504,0.32600855827331543,0.44248875975608826,0.11789421737194061,0.9155629277229309,0.942052960395813,0.940397322177887,0.9238410592079163,0.9056291580200195,0.8741722106933594,0.9586092829704285,0.5894039735099338,0.0005,float,,,,,,,,,,,,,,,,,,,,,,,,,,,,
124,2.4435617923736572,0.3628886342048645,0.3605915307998657,0.3576067388057709,0.3617483973503113,0.3822234570980072,0.4557237923145294,0.1627790480852127,0.879733681678772,0.8776529431343079,0.8780691027641296,0.8764045238494873,0.8684977293014526,0.8381190299987793,0.9454848170280457,1.8535717725753784,0.2982754111289978,0.20111210644245148,0.19904492795467377,0.29516565799713135,0.3242110013961792,0.42457276582717896,0.11119005084037781,0.9089403748512268,0.942052960395813,0.9370861053466797,0.9188741445541382,0.9039735198020935,0.8824503421783447,0.9602649211883545,0.5894039735099338,0.0005,float,,,,,,,,,,,,,,,,,,,,,,,,,,,,
125,2.3986597061157227,0.34682390093803406,0.32775774598121643,0.35451918840408325,0.35631439089775085,0.40734153985977173,0.4534279704093933,0.1524747610092163,0.8813982605934143,0.889721155166626,0.8743237853050232,0.8793175220489502,0.8651685118675232,0.8385351896286011,0.9475655555725098,1.8422231674194336,0.2819065749645233,0.20741838216781616,0.201884463429451,0.28612712025642395,0.315788596868515,0.43974941968917847,0.10934869199991226,0.9089403748512268,0.943708598613739,0.9354304671287537,0.9205297827720642,0.9023178815841675,0.8758277893066406,0.9668874144554138,0.5877483443708609,0.0005,float,,,,,,,,,,,,,,,,,,,,,,,,,,,,
126,2.343679189682007,0.3210200071334839,0.34088072180747986,0.31990137696266174,0.35777196288108826,0.3965623080730438,0.4493538737297058,0.15818871557712555,0.884727418422699,0.8822305202484131,0.8868081569671631,0.8743237853050232,0.856013298034668,0.846025824546814,0.9454848170280457,1.855334997177124,0.29428717494010925,0.2031911164522171,0.18770329654216766,0.2928096354007721,0.3288057744503021,0.43116310238838196,0.11737494170665741,0.9155629277229309,0.943708598613739,0.9370861053466797,0.9139072895050049,0.8956953883171082,0.8774834275245667,0.9652317762374878,0.5844370860927153,0.0005,float,,,,,,,,,,,,,,,,,,,,,,,,,,,,
127,2.3580846786499023,0.3505486249923706,0.33959800004959106,0.3311665952205658,0.3475183844566345,0.3940088748931885,0.42821645736694336,0.16702789068222046,0.8768206238746643,0.8838951587677002,0.8855597376823425,0.8772367835044861,0.870162308216095,0.8447773456573486,0.9434040784835815,1.8784691095352173,0.29265353083610535,0.21005679666996002,0.1879187822341919,0.2978740334510803,0.3281406760215759,0.4416498839855194,0.12017562985420227,0.9089403748512268,0.940397322177887,0.9354304671287537,0.9188741445541382,0.9023178815841675,0.8741722106933594,0.9619205594062805,0.5728476821192053,0.0005,float,,,,,,,,,,,,,,,,,,,,,,,,,,,,
128,2.3718059062957764,0.3525841534137726,0.3313060402870178,0.32554417848587036,0.34293699264526367,0.4033057689666748,0.44675713777542114,0.16937150061130524,0.8809821009635925,0.8805659413337708,0.8855597376823425,0.8780691027641296,0.8585101962089539,0.8456096649169922,0.9392426013946533,1.8941751718521118,0.2977582812309265,0.20649386942386627,0.2135237604379654,0.28854042291641235,0.3334432542324066,0.4333203136920929,0.12109538912773132,0.9139072895050049,0.945364236831665,0.9337748289108276,0.9221854209899902,0.9023178815841675,0.8708609342575073,0.9635761380195618,0.5827814569536424,0.0005,float,,,,,,,,,,,,,,,,,,,,,,,,,,,,
129,2.338912010192871,0.3398999571800232,0.33874908089637756,0.3527206480503082,0.3538031578063965,0.3658744990825653,0.4329564869403839,0.15490829944610596,0.8759883642196655,0.8809821009635925,0.8868081569671631,0.879733681678772,0.8709945678710938,0.8493549823760986,0.9463170766830444,1.8672701120376587,0.2954378128051758,0.20638735592365265,0.1940721869468689,0.2795698046684265,0.3263116180896759,0.4400952160358429,0.12539631128311157,0.9105960130691528,0.9387417435646057,0.9354304671287537,0.9238410592079163,0.8973509669303894,0.8741722106933594,0.9635761380195618,0.5761589403973509,0.0005,float,,,,,,,,,,,,,,,,,,,,,,,,,,,,
130,2.2958688735961914,0.333098828792572,0.3303701877593994,0.3400923013687134,0.33155497908592224,0.38397520780563354,0.4132184386253357,0.16355842351913452,0.8851435780525208,0.8884727358818054,0.8801498413085938,0.8884727358818054,0.8693299889564514,0.8568456172943115,0.9396587610244751,1.9413690567016602,0.29998108744621277,0.2265687882900238,0.20992785692214966,0.307494193315506,0.33249473571777344,0.4414270520210266,0.12347544729709625,0.9105960130691528,0.9354304671287537,0.9354304671287537,0.9155629277229309,0.9006622433662415,0.8758277893066406,0.9635761380195618,0.5844370860927153,0.0005,float,,,,,,,,,,,,,,,,,,,,,,,,,,,,
131,2.230201482772827,0.31768321990966797,0.3437385559082031,0.30318954586982727,0.3430670201778412,0.3488199710845947,0.4189549684524536,0.15474823117256165,0.8855597376823425,0.8784852027893066,0.8947149515151978,0.8855597376823425,0.879733681678772,0.8485226631164551,0.9446524977684021,1.896207332611084,0.3026893138885498,0.2095717489719391,0.20803847908973694,0.2824998199939728,0.33311593532562256,0.44641461968421936,0.11387737840414047,0.9039735198020935,0.942052960395813,0.9354304671287537,0.9205297827720642,0.8990066051483154,0.8741722106933594,0.9652317762374878,0.5827814569536424,0.0005,float,,,,,,,,,,,,,,,,,,,,,,,,,,,,
132,2.317652463912964,0.343144029378891,0.3658878207206726,0.33188596367836,0.3330920338630676,0.3726420998573303,0.4166485071182251,0.15435218811035156,0.8709945678710938,0.8676654100418091,0.8813982605934143,0.8818144202232361,0.8684977293014526,0.8526841402053833,0.9442363977432251,1.8496116399765015,0.28674450516700745,0.21349719166755676,0.1966865211725235,0.28054794669151306,0.32022595405578613,0.4398404657840729,0.11206919699907303,0.9188741445541382,0.940397322177887,0.942052960395813,0.9221854209899902,0.9039735198020935,0.8708609342575073,0.9668874144554138,0.5910596026490066,0.0005,float,,,,,,,,,,,,,,,,,,,,,,,,,,,,
133,2.2421462535858154,0.32118698954582214,0.3440394401550293,0.28069421648979187,0.3527385890483856,0.3782099485397339,0.41687634587287903,0.14840036630630493,0.8843112587928772,0.8830628395080566,0.9042863249778748,0.8755722045898438,0.8684977293014526,0.8535164594650269,0.9525592923164368,1.8782590627670288,0.29616421461105347,0.21708042919635773,0.18527063727378845,0.2879713475704193,0.327520489692688,0.44847214221954346,0.11577989161014557,0.9205297827720642,0.9370861053466797,0.940397322177887,0.9205297827720642,0.9006622433662415,0.8658940196037292,0.9652317762374878,0.5811258278145696,0.0005,float,,,,,,,,,,,,,,,,,,,,,,,,,,,,
134,2.321537733078003,0.33881551027297974,0.33426573872566223,0.33275583386421204,0.35433661937713623,0.3650359809398651,0.4506947100162506,0.1456335484981537,0.8793175220489502,0.884727418422699,0.8913857936859131,0.8764045238494873,0.8705784678459167,0.8360382914543152,0.9488139748573303,1.8781071901321411,0.280100017786026,0.21672186255455017,0.19580551981925964,0.29488030076026917,0.3358197510242462,0.43736085295677185,0.11741850525140762,0.9188741445541382,0.943708598613739,0.942052960395813,0.9238410592079163,0.9006622433662415,0.8741722106933594,0.9668874144554138,0.5910596026490066,0.0005,float,,,,,,,,,,,,,,,,,,,,,,,,,,,,
135,2.2671194076538086,0.32443371415138245,0.3299483358860016,0.33285045623779297,0.34774845838546753,0.37168484926223755,0.4172687232494354,0.14318516850471497,0.8776529431343079,0.8818144202232361,0.8801498413085938,0.8714107275009155,0.8697461485862732,0.8501872420310974,0.9508947134017944,1.8597967624664307,0.2864949107170105,0.2062658667564392,0.20170530676841736,0.2953474521636963,0.3225123882293701,0.43301117420196533,0.1144595742225647,0.9205297827720642,0.945364236831665,0.9387417435646057,0.9254966974258423,0.9023178815841675,0.8675496578216553,0.9652317762374878,0.5844370860927153,0.0005,float,,,,,,,,,,,,,,,,,,,,,,,,,,,,
136,2.2126214504241943,0.30596211552619934,0.29297134280204773,0.33572348952293396,0.3418624699115753,0.35534000396728516,0.4286262094974518,0.15213602781295776,0.8876404762268066,0.899292528629303,0.8818144202232361,0.8747398853302002,0.8755722045898438,0.8468580842018127,0.9454848170280457,1.8438791036605835,0.28320011496543884,0.2083374261856079,0.1886562556028366,0.28802770376205444,0.3305206596851349,0.4324905574321747,0.11264645308256149,0.9221854209899902,0.945364236831665,0.9354304671287537,0.9288079738616943,0.9089403748512268,0.8642383813858032,0.9652317762374878,0.5877483443708609,0.00025,float,,,,,,,,,,,,,,,,,,,,,,,,,,,,
137,2.159736156463623,0.30550751090049744,0.31490665674209595,0.2878456711769104,0.33751800656318665,0.3497912883758545,0.4176563322544098,0.1465112566947937,0.8976279497146606,0.8888888955116272,0.9013732671737671,0.8818144202232361,0.8822305202484131,0.8572617769241333,0.952143132686615,1.8497720956802368,0.2931710183620453,0.2113576978445053,0.18508443236351013,0.28311625123023987,0.33977657556533813,0.4269157946109772,0.11035028845071793,0.9172185659408569,0.940397322177887,0.940397322177887,0.9254966974258423,0.9072847962379456,0.8592715263366699,0.9619205594062805,0.5761589403973509,0.00025,float,,,,,,,,,,,,,,,,,,,,,,,,,,,,
138,2.2109668254852295,0.2998722493648529,0.33511850237846375,0.31101110577583313,0.35024309158325195,0.3982761800289154,0.3834173381328583,0.13302837312221527,0.8938826322555542,0.889305055141449,0.889305055141449,0.8764045238494873,0.8539325594902039,0.8684977293014526,0.951727032661438,1.814581274986267,0.2884829044342041,0.2065449208021164,0.18282924592494965,0.2797504663467407,0.3260577619075775,0.41982656717300415,0.11108940094709396,0.9221854209899902,0.9470198750495911,0.942052960395813,0.9271523356437683,0.9056291580200195,0.8791390657424927,0.9668874144554138,0.6026490066225165,0.00025,float,,,,,,,,,,,,,,,,,,,,,,,,,,,,
139,2.128535509109497,0.2940576672554016,0.3095515966415405,0.30731526017189026,0.3100720942020416,0.3688724935054779,0.4015536308288574,0.13711294531822205,0.8947149515151978,0.8913857936859131,0.8959633708000183,0.8909696340560913,0.8809821009635925,0.8593425154685974,0.9571369290351868,1.845947265625,0.284939169883728,0.2120400220155716,0.18470636010169983,0.2886982262134552,0.32805541157722473,0.43278563022613525,0.11472231149673462,0.9172185659408569,0.942052960395813,0.940397322177887,0.9238410592079163,0.9023178815841675,0.8807947039604187,0.9586092829704285,0.5910596026490066,0.00025,float,,,,,,,,,,,,,,,,,,,,,,,,,,,,
140,2.2427361011505127,0.290012389421463,0.3049362003803253,0.3340868353843689,0.338418185710907,0.3794899880886078,0.4356050491333008,0.1601879745721817,0.9042863249778748,0.8868081569671631,0.8855597376823425,0.8801498413085938,0.8697461485862732,0.8506034016609192,0.9450686573982239,1.8293068408966064,0.28177186846733093,0.2055603414773941,0.18347014486789703,0.2838745415210724,0.3347814381122589,0.42507609724998474,0.11477227509021759,0.9221854209899902,0.940397322177887,0.9370861053466797,0.9271523356437683,0.8990066051483154,0.8741722106933594,0.9619205594062805,0.5943708609271523,0.00025,float,,,,,,,,,,,,,,,,,,,,,,,,,,,,
141,2.2696237564086914,0.3188953399658203,0.3283250629901886,0.32066968083381653,0.33510926365852356,0.38089537620544434,0.43640923500061035,0.14931944012641907,0.8926342129707336,0.8813982605934143,0.8918018937110901,0.8768206238746643,0.8689138293266296,0.8597586154937744,0.9492301344871521,1.8560482263565063,0.2848750352859497,0.21293364465236664,0.18367335200309753,0.28830716013908386,0.3392338752746582,0.4372231066226959,0.10980159044265747,0.9188741445541382,0.9370861053466797,0.940397322177887,0.9271523356437683,0.8973509669303894,0.8708609342575073,0.9635761380195618,0.5910596026490066,0.00025,float,,,,,,,,,,,,,,,,,,,,,,,,,,,,
142,2.081550359725952,0.3192845582962036,0.31820929050445557,0.2789511978626251,0.30358466506004333,0.34166422486305237,0.3838750720024109,0.13598200678825378,0.8938826322555542,0.8830628395080566,0.9042863249778748,0.8918018937110901,0.875156044960022,0.8635039329528809,0.9546400308609009,1.844460368156433,0.2864958643913269,0.21436095237731934,0.18671970069408417,0.2823023498058319,0.3342971205711365,0.4327529966831207,0.10753119736909866,0.9254966974258423,0.940397322177887,0.9387417435646057,0.9288079738616943,0.9039735198020935,0.8741722106933594,0.9635761380195618,0.5960264900662252,0.00025,float,,,,,,,,,,,,,,,,,,,,,,,,,,,,
143,2.125070571899414,0.27094125747680664,0.3231019377708435,0.33903855085372925,0.29529139399528503,0.36397889256477356,0.3903820514678955,0.14233626425266266,0.903870165348053,0.889305055141449,0.8838951587677002,0.8976279497146606,0.8660008311271667,0.8747398853302002,0.951727032661438,1.8387291431427002,0.2811237871646881,0.21354389190673828,0.17847098410129547,0.29447197914123535,0.3313663601875305,0.4339853823184967,0.1057668998837471,0.9221854209899902,0.940397322177887,0.945364236831665,0.9238410592079163,0.8990066051483154,0.8692052960395813,0.9635761380195618,0.5860927152317881,0.00025,float,,,,,,,,,,,,,,,,,,,,,,,,,,,,
144,2.156320095062256,0.2902052402496338,0.2995593547821045,0.30829864740371704,0.33092933893203735,0.3746407926082611,0.40384089946746826,0.14884553849697113,0.899292528629303,0.8938826322555542,0.8955472111701965,0.8884727358818054,0.8730753064155579,0.860590934753418,0.9475655555725098,1.844063639640808,0.2839476764202118,0.20970791578292847,0.1901448667049408,0.2913236916065216,0.3337611258029938,0.4310648441314697,0.10411352664232254,0.9188741445541382,0.943708598613739,0.940397322177887,0.9271523356437683,0.9023178815841675,0.8758277893066406,0.9619205594062805,0.5860927152317881,0.00025,float,,,,,,,,,,,,,,,,,,,,,,,,,,,,
145,2.1233773231506348,0.29918602108955383,0.3367440700531006,0.2992439568042755,0.3446480929851532,0.3390212059020996,0.3746003806591034,0.12993375957012177,0.8922180533409119,0.8801498413085938,0.8980441093444824,0.8809821009635925,0.8793175220489502,0.8705784678459167,0.956720769405365,1.8737235069274902,0.288330078125,0.2136164754629135,0.18709339201450348,0.3118877410888672,0.3302661180496216,0.4399852156639099,0.10254447162151337,0.9139072895050049,0.943708598613739,0.942052960395813,0.9188741445541382,0.8956953883171082,0.8758277893066406,0.9652317762374878,0.5860927152317881,0.00025,float,,,,,,,,,,,,,,,,,,,,,,,,,,,,
146,2.145209789276123,0.3060816526412964,0.32976311445236206,0.30472248792648315,0.3201135993003845,0.3461405038833618,0.4111216366291046,0.12726686894893646,0.8863919973373413,0.8876404762268066,0.8830628395080566,0.8876404762268066,0.8805659413337708,0.8456096649169922,0.9575530290603638,1.847736120223999,0.28700461983680725,0.21309487521648407,0.18483656644821167,0.28686434030532837,0.3362499475479126,0.43456652760505676,0.10511931031942368,0.9139072895050049,0.940397322177887,0.940397322177887,0.9221854209899902,0.8956953883171082,0.8741722106933594,0.9652317762374878,0.5894039735099338,0.00025,float,,,,,,,,,,,,,,,,,,,,,,,,,,,,
147,2.0549590587615967,0.27587494254112244,0.29847586154937744,0.31314772367477417,0.3152182996273041,0.356693834066391,0.3702051341533661,0.12534308433532715,0.8918018937110901,0.8938826322555542,0.8838951587677002,0.8922180533409119,0.8726591467857361,0.8664169907569885,0.9550561904907227,1.8043500185012817,0.28378134965896606,0.20975901186466217,0.18554800748825073,0.2806687355041504,0.31818681955337524,0.4246402680873871,0.10176566243171692,0.9172185659408569,0.9486755132675171,0.940397322177887,0.9254966974258423,0.9089403748512268,0.8791390657424927,0.9668874144554138,0.6076158940397351,0.00025,float,,,,,,,,,,,,,,,,,,,,,,,,,,,,
148,2.097224235534668,0.3008287847042084,0.2950984835624695,0.3021700978279114,0.2985997498035431,0.37106770277023315,0.381237655878067,0.1482221782207489,0.8913857936859131,0.8922180533409119,0.8926342129707336,0.8901373147964478,0.8768206238746643,0.8705784678459167,0.9450686573982239,1.8196338415145874,0.2930957078933716,0.212716206908226,0.19137462973594666,0.28894203901290894,0.3118170499801636,0.4179542660713196,0.10373401641845703,0.9155629277229309,0.945364236831665,0.940397322177887,0.9238410592079163,0.9089403748512268,0.8824503421783447,0.9685430526733398,0.6043046357615894,0.00025,float,,,,,,,,,,,,,,,,,,,,,,,,,,,,
149,2.1140599250793457,0.3012826144695282,0.30148300528526306,0.27454495429992676,0.333464652299881,0.3687165379524231,0.3943391442298889,0.14022886753082275,0.9005410075187683,0.8934664726257324,0.9067831635475159,0.8801498413085938,0.8714107275009155,0.8651685118675232,0.9492301344871521,1.8086073398590088,0.2748546600341797,0.21205313503742218,0.1837778240442276,0.2825811505317688,0.3173404037952423,0.42759421467781067,0.11040587723255157,0.9221854209899902,0.940397322177887,0.940397322177887,0.9238410592079163,0.8956953883171082,0.8725165724754333,0.9619205594062805,0.5894039735099338,0.00025,float,,,,,,,,,,,,,,,,,,,,,,,,,,,,
150,2.0861401557922363,0.2962929308414459,0.3094041645526886,0.2918536961078644,0.3285890519618988,0.3345259726047516,0.3861207664012909,0.13935336470603943,0.8972117900848389,0.8938826322555542,0.9013732671737671,0.8739076256752014,0.8855597376823425,0.8626716732978821,0.952143132686615,1.8152546882629395,0.2751597464084625,0.20457454025745392,0.19070462882518768,0.2898321747779846,0.3164183795452118,0.4304191768169403,0.10814643651247025,0.9155629277229309,0.945364236831665,0.940397322177887,0.9271523356437683,0.9056291580200195,0.8758277893066406,0.9685430526733398,0.6009933774834437,0.00025,float,,,,,,,,,,,,,,,,,,,,,,,,,,,,
151,2.1618857383728027,0.30418476462364197,0.31549927592277527,0.302643358707428,0.320453405380249,0.39103782176971436,0.38498491048812866,0.14308148622512817,0.889721155166626,0.8859758377075195,0.8888888955116272,0.8872243165969849,0.8647524118423462,0.8610070943832397,0.9488139748573303,1.7944507598876953,0.2823525071144104,0.20464985072612762,0.17521974444389343,0.27266478538513184,0.3184449076652527,0.4330604076385498,0.10805853456258774,0.9139072895050049,0.9503311514854431,0.943708598613739,0.9321191906929016,0.9023178815841675,0.8791390657424927,0.9635761380195618,0.6043046357615894,0.00025,float,,,,,,,,,,,,,,,,,,,,,,,,,,,,
152,2.0958025455474854,0.2879750728607178,0.3182033598423004,0.31578516960144043,0.31339743733406067,0.3358212113380432,0.3840925395488739,0.14052806794643402,0.8909696340560913,0.8784852027893066,0.8876404762268066,0.8872243165969849,0.8826466798782349,0.8618393540382385,0.9496462941169739,1.7855898141860962,0.2798873782157898,0.2034381777048111,0.1731744259595871,0.2821841537952423,0.3116552531719208,0.42829954624176025,0.10695070773363113,0.9139072895050049,0.945364236831665,0.9470198750495911,0.9254966974258423,0.9122516512870789,0.8741722106933594,0.9718543291091919,0.6043046357615894,0.00025,float,,,,,,,,,,,,,,,,,,,,,,,,,,,,
153,2.063683271408081,0.29535582661628723,0.2855255603790283,0.3169931471347809,0.3126506805419922,0.3339546024799347,0.381561279296875,0.13764213025569916,0.9013732671737671,0.9071993231773376,0.8872243165969849,0.8930503726005554,0.8855597376823425,0.860590934753418,0.9529754519462585,1.7982866764068604,0.2849428653717041,0.20344896614551544,0.18007774651050568,0.28281256556510925,0.3157876133918762,0.42643868923187256,0.1047782152891159,0.9172185659408569,0.9486755132675171,0.945364236831665,0.9254966974258423,0.9105960130691528,0.8774834275245667,0.9701986908912659,0.6076158940397351,0.00025,float,,,,,,,,,,,,,,,,,,,,,,,,,,,,
154,2.0122547149658203,0.29674652218818665,0.31107622385025024,0.279102087020874,0.2851059138774872,0.31614741683006287,0.39510977268218994,0.12896676361560822,0.8947149515151978,0.8963795304298401,0.8976279497146606,0.8972117900848389,0.8859758377075195,0.8572617769241333,0.9542238712310791,1.781207799911499,0.28059694170951843,0.20403935015201569,0.17713826894760132,0.28025296330451965,0.3198923170566559,0.41887110471725464,0.10041671991348267,0.9205297827720642,0.9470198750495911,0.943708598613739,0.9288079738616943,0.9056291580200195,0.8841059803962708,0.9668874144554138,0.6076158940397351,0.00025,float,,,,,,,,,,,,,,,,,,,,,,,,,,,,
155,2.0145111083984375,0.27964839339256287,0.29874247312545776,0.29214048385620117,0.29907897114753723,0.33350837230682373,0.38004565238952637,0.13134735822677612,0.8976279497146606,0.8918018937110901,0.889721155166626,0.8984602689743042,0.8838951587677002,0.856013298034668,0.9550561904907227,1.7901116609573364,0.27693498134613037,0.20248977839946747,0.18159231543540955,0.2791297733783722,0.3218223750591278,0.4250960052013397,0.10304675996303558,0.9205297827720642,0.9470198750495911,0.943708598613739,0.9271523356437683,0.9089403748512268,0.8774834275245667,0.9685430526733398,0.6125827814569537,0.00025,float,,,,,,,,,,,,,,,,,,,,,,,,,,,,
156,2.0102474689483643,0.28004172444343567,0.30407142639160156,0.29135042428970337,0.29759788513183594,0.3361179232597351,0.3701206147670746,0.13094767928123474,0.9030378460884094,0.8955472111701965,0.8947149515151978,0.8951311111450195,0.8805659413337708,0.8697461485862732,0.9550561904907227,1.7943543195724487,0.27697446942329407,0.20291025936603546,0.17514021694660187,0.29083406925201416,0.3192400336265564,0.4264207184314728,0.10283470898866653,0.9155629277229309,0.9519867300987244,0.942052960395813,0.9238410592079163,0.9056291580200195,0.8774834275245667,0.9652317762374878,0.6026490066225165,0.00025,float,,,,,,,,,,,,,,,,,,,,,,,,,,,,
157,2.0459561347961426,0.2802637219429016,0.30662232637405396,0.2940281331539154,0.3212009072303772,0.33862316608428955,0.3700425624847412,0.1351754069328308,0.9013732671737671,0.8926342129707336,0.9001248478889465,0.8901373147964478,0.8855597376823425,0.8709945678710938,0.9542238712310791,1.8100371360778809,0.2863556146621704,0.20594079792499542,0.1834922581911087,0.2865165174007416,0.32391682267189026,0.41901713609695435,0.10479820519685745,0.9155629277229309,0.9486755132675171,0.943708598613739,0.9254966974258423,0.9039735198020935,0.887417197227478,0.9701986908912659,0.609271523178808,0.00025,float,,,,,,,,,,,,,,,,,,,,,,,,,,,,
158,2.060450553894043,0.29549726843833923,0.3124940097332001,0.2891100347042084,0.2923698127269745,0.3550485670566559,0.37543055415153503,0.14050045609474182,0.8976279497146606,0.8872243165969849,0.9013732671737671,0.8972117900848389,0.8726591467857361,0.8730753064155579,0.9550561904907227,1.8342535495758057,0.29131779074668884,0.20912568271160126,0.18028624355793,0.30411452054977417,0.32064351439476013,0.42189842462539673,0.10686740279197693,0.9122516512870789,0.945364236831665,0.943708598613739,0.9188741445541382,0.9023178815841675,0.8791390657424927,0.9668874144554138,0.5927152317880795,0.00025,float,,,,,,,,,,,,,,,,,,,,,,,,,,,,
159,2.024068593978882,0.28712698817253113,0.2753045856952667,0.30196312069892883,0.297305703163147,0.37592077255249023,0.3579114079475403,0.12853609025478363,0.9009571075439453,0.9005410075187683,0.8997086882591248,0.8972117900848389,0.8664169907569885,0.8759883642196655,0.9538077116012573,1.8162221908569336,0.2913826107978821,0.2041098177433014,0.17692537605762482,0.29417315125465393,0.32429206371307373,0.4225463569164276,0.10279262065887451,0.9089403748512268,0.9470198750495911,0.945364236831665,0.9221854209899902,0.9039735198020935,0.8791390657424927,0.9718543291091919,0.597682119205298,0.00025,float,,,,,,,,,,,,,,,,,,,,,,,,,,,,
160,1.9795974493026733,0.26544156670570374,0.30168116092681885,0.2916586101055145,0.29982900619506836,0.32734572887420654,0.3597569763660431,0.1338845044374466,0.9071993231773376,0.9009571075439453,0.8951311111450195,0.8934664726257324,0.8834789991378784,0.8809821009635925,0.9508947134017944,1.8067889213562012,0.28681689500808716,0.2086997926235199,0.1805107742547989,0.2889396846294403,0.31335583329200745,0.4225611686706543,0.10590492933988571,0.9172185659408569,0.945364236831665,0.943708598613739,0.9221854209899902,0.9006622433662415,0.8807947039604187,0.9652317762374878,0.5960264900662252,0.00025,float,,,,,,,,,,,,,,,,,,,,,,,,,,,,
161,2.023388147354126,0.2647559344768524,0.2885544002056122,0.2915387749671936,0.31716060638427734,0.33711686730384827,0.3904435634613037,0.13381803035736084,0.9130253791809082,0.8972117900848389,0.899292528629303,0.8901373147964478,0.8822305202484131,0.8630878329277039,0.9529754519462585,1.7769575119018555,0.2758474349975586,0.19736839830875397,0.17666751146316528,0.292338103055954,0.3039485812187195,0.42298033833503723,0.10780701041221619,0.9188741445541382,0.9503311514854431,0.9470198750495911,0.9238410592079163,0.9056291580200195,0.8725165724754333,0.9685430526733398,0.6059602649006622,0.00025,float,,,,,,,,,,,,,,,,,,,,,,,,,,,,
162,1.9833474159240723,0.2941547632217407,0.278874933719635,0.2910407781600952,0.32251808047294617,0.31802231073379517,0.36204078793525696,0.11669594049453735,0.8972117900848389,0.9026217460632324,0.9001248478889465,0.8776529431343079,0.8851435780525208,0.8743237853050232,0.9579691886901855,1.8142616748809814,0.2779311239719391,0.20607855916023254,0.19087089598178864,0.29701659083366394,0.32168757915496826,0.41690829396247864,0.10376870632171631,0.9155629277229309,0.9470198750495911,0.9470198750495911,0.9238410592079163,0.8990066051483154,0.8708609342575073,0.9652317762374878,0.5943708609271523,0.00025,float,,,,,,,,,,,,,,,,,,,,,,,,,,,,
163,1.9899802207946777,0.2613234221935272,0.30831053853034973,0.2702673077583313,0.30184653401374817,0.34357750415802,0.39139100909233093,0.11326340585947037,0.9159384369850159,0.8913857936859131,0.9076154828071594,0.8963795304298401,0.8818144202232361,0.8626716732978821,0.9583853483200073,1.8157583475112915,0.28532111644744873,0.2042500525712967,0.182472825050354,0.2902137339115143,0.32036200165748596,0.42465731501579285,0.10848145186901093,0.9139072895050049,0.9387417435646057,0.943708598613739,0.9155629277229309,0.8990066051483154,0.8741722106933594,0.9652317762374878,0.5860927152317881,0.00025,float,,,,,,,,,,,,,,,,,,,,,,,,,,,,
164,1.912119746208191,0.27275609970092773,0.2785976231098175,0.2854967415332794,0.2729921042919159,0.33260276913642883,0.3513369858264923,0.11833751946687698,0.9013732671737671,0.9051185846328735,0.8963795304298401,0.9017894268035889,0.8809821009635925,0.8755722045898438,0.9596337676048279,1.7734776735305786,0.28499776124954224,0.19799593091011047,0.1802036017179489,0.283595472574234,0.30620551109313965,0.4156799018383026,0.10479961335659027,0.9105960130691528,0.945364236831665,0.9470198750495911,0.9254966974258423,0.9072847962379456,0.8841059803962708,0.9668874144554138,0.6026490066225165,0.00025,float,,,,,,,,,,,,,,,,,,,,,,,,,,,,
165,2.036752223968506,0.27475324273109436,0.29618528485298157,0.3061276078224182,0.2947784960269928,0.32849299907684326,0.40163031220436096,0.1347840577363968,0.9047024846076965,0.8938826322555542,0.8934664726257324,0.8963795304298401,0.8834789991378784,0.860590934753418,0.951727032661438,1.8108989000320435,0.28286945819854736,0.20342372357845306,0.18807215988636017,0.3019816279411316,0.3086429238319397,0.42514872550964355,0.10076043754816055,0.9155629277229309,0.943708598613739,0.942052960395813,0.9288079738616943,0.9039735198020935,0.8758277893066406,0.9652317762374878,0.597682119205298,0.00025,float,,,,,,,,,,,,,,,,,,,,,,,,,,,,
166,1.9427193403244019,0.26912686228752136,0.2960871458053589,0.25240975618362427,0.28924059867858887,0.3454934060573578,0.36450254917144775,0.12585857510566711,0.903870165348053,0.8955472111701965,0.9126092195510864,0.899292528629303,0.8809821009635925,0.8680815696716309,0.9571369290351868,1.7957266569137573,0.2887071669101715,0.20715050399303436,0.1798264980316162,0.2926354706287384,0.31199467182159424,0.40741848945617676,0.1079936996102333,0.9205297827720642,0.9470198750495911,0.9486755132675171,0.9238410592079163,0.9039735198020935,0.8857616186141968,0.9652317762374878,0.6009933774834437,0.00025,float,,,,,,,,,,,,,,,,,,,,,,,,,,,,
167,1.9957942962646484,0.298813134431839,0.2941341698169708,0.28401413559913635,0.3017992079257965,0.3193643391132355,0.34932881593704224,0.14834006130695343,0.8976279497146606,0.8959633708000183,0.8997086882591248,0.8934664726257324,0.8930503726005554,0.8709945678710938,0.9483978152275085,1.8068461418151855,0.28183773159980774,0.20487307012081146,0.19937527179718018,0.29553478956222534,0.31110072135925293,0.41023287177085876,0.10389181971549988,0.9188741445541382,0.943708598613739,0.940397322177887,0.9271523356437683,0.9023178815841675,0.8774834275245667,0.9668874144554138,0.5960264900662252,0.00025,float,,,,,,,,,,,,,,,,,,,,,,,,,,,,
168,1.9480875730514526,0.2846541404724121,0.27929675579071045,0.2727375328540802,0.2997322678565979,0.3133026957511902,0.35425180196762085,0.14411239326000214,0.9009571075439453,0.9059509038925171,0.8997086882591248,0.8922180533409119,0.8868081569671631,0.8801498413085938,0.9483978152275085,1.7737796306610107,0.2734256684780121,0.20110704004764557,0.1864003837108612,0.2948395311832428,0.3041480481624603,0.4118652045726776,0.10199370235204697,0.9172185659408569,0.9354304671287537,0.945364236831665,0.9288079738616943,0.9072847962379456,0.8791390657424927,0.9685430526733398,0.6043046357615894,0.00025,float,,,,,,,,,,,,,,,,,,,,,,,,,,,,
169,1.9284363985061646,0.2732992470264435,0.2929209768772125,0.26103460788726807,0.27710336446762085,0.32127970457077026,0.373556911945343,0.12924161553382874,0.9047024846076965,0.8905534744262695,0.9071993231773376,0.9101123809814453,0.8872243165969849,0.870162308216095,0.9571369290351868,1.7884478569030762,0.2792598009109497,0.20721179246902466,0.17974257469177246,0.2853809595108032,0.3157276511192322,0.4153425991535187,0.10578267276287079,0.9221854209899902,0.940397322177887,0.9470198750495911,0.9238410592079163,0.9039735198020935,0.8758277893066406,0.9635761380195618,0.5910596026490066,0.00025,float,,,,,,,,,,,,,,,,,,,,,,,,,,,,
170,1.9914439916610718,0.280725359916687,0.32929694652557373,0.26233169436454773,0.30795222520828247,0.3214077055454254,0.3566378653049469,0.13309234380722046,0.8976279497146606,0.8926342129707336,0.9092800617218018,0.8938826322555542,0.8868081569671631,0.8759883642196655,0.9504785537719727,1.7819664478302002,0.2814105451107025,0.19795550405979156,0.17670860886573792,0.2961135506629944,0.31255513429641724,0.4161946475505829,0.10102837532758713,0.9188741445541382,0.943708598613739,0.943708598613739,0.9238410592079163,0.9023178815841675,0.8758277893066406,0.9668874144554138,0.5910596026490066,0.00025,float,,,,,,,,,,,,,,,,,,,,,,,,,,,,
171,1.8647314310073853,0.255613774061203,0.2665775716304779,0.27051180601119995,0.3010193109512329,0.31302934885025024,0.34739550948143005,0.11058418452739716,0.9117769598960876,0.9055347442626953,0.9051185846328735,0.894298791885376,0.889721155166626,0.8793175220489502,0.9658759832382202,1.7886991500854492,0.2809027433395386,0.20498913526535034,0.17763188481330872,0.2937925159931183,0.30743300914764404,0.42729368805885315,0.09665615111589432,0.9172185659408569,0.940397322177887,0.9470198750495911,0.9288079738616943,0.9072847962379456,0.8774834275245667,0.9701986908912659,0.597682119205298,0.00025,float,,,,,,,,,,,,,,,,,,,,,,,,,,,,
172,1.8836944103240967,0.2663813829421997,0.28230026364326477,0.24083499610424042,0.2950116991996765,0.3073965013027191,0.36880457401275635,0.12296493351459503,0.90886390209198,0.9026217460632324,0.9155222773551941,0.9026217460632324,0.8922180533409119,0.8722430467605591,0.9554723501205444,1.8364964723587036,0.28231969475746155,0.21674740314483643,0.18846683204174042,0.30084171891212463,0.3192945122718811,0.4282739758491516,0.10055232793092728,0.9188741445541382,0.9387417435646057,0.9470198750495911,0.9254966974258423,0.9072847962379456,0.8725165724754333,0.9668874144554138,0.5960264900662252,0.00025,float,,,,,,,,,,,,,,,,,,,,,,,,,,,,
173,1.9320518970489502,0.2739453911781311,0.28639164566993713,0.28327232599258423,0.27575919032096863,0.3126985728740692,0.36509180068969727,0.13489274680614471,0.903870165348053,0.9034540057182312,0.8997086882591248,0.9009571075439453,0.8909696340560913,0.8726591467857361,0.9546400308609009,1.8087068796157837,0.283951997756958,0.2091541290283203,0.18457575142383575,0.29104888439178467,0.3164864182472229,0.4195025563240051,0.10398734360933304,0.9122516512870789,0.940397322177887,0.945364236831665,0.9337748289108276,0.9039735198020935,0.8791390657424927,0.9701986908912659,0.6009933774834437,0.00025,float,,,,,,,,,,,,,,,,,,,,,,,,,,,,
174,1.908888339996338,0.263439804315567,0.2851305603981018,0.2678176760673523,0.29592275619506836,0.32027801871299744,0.33994802832603455,0.1363517791032791,0.9034540057182312,0.9005410075187683,0.9047024846076965,0.8963795304298401,0.8913857936859131,0.8793175220489502,0.9546400308609009,1.8198931217193604,0.2811598479747772,0.20973524451255798,0.1930001676082611,0.29244256019592285,0.3162502944469452,0.4226519465446472,0.10465294122695923,0.9221854209899902,0.943708598613739,0.943708598613739,0.9304635524749756,0.9072847962379456,0.887417197227478,0.9668874144554138,0.6059602649006622,0.00025,float,,,,,,,,,,,,,,,,,,,,,,,,,,,,
175,1.8979593515396118,0.27293452620506287,0.25994887948036194,0.31507715582847595,0.28019869327545166,0.29093268513679504,0.3385142982006073,0.14035317301750183,0.9117769598960876,0.9051185846328735,0.894298791885376,0.9026217460632324,0.8967956900596619,0.8805659413337708,0.9504785537719727,1.8195675611495972,0.28030410408973694,0.20340192317962646,0.19208960235118866,0.30138325691223145,0.31142082810401917,0.4277097284793854,0.1032579094171524,0.9172185659408569,0.9503311514854431,0.943708598613739,0.9288079738616943,0.9039735198020935,0.8791390657424927,0.9718543291091919,0.6026490066225165,0.000125,float,,,,,,,,,,,,,,,,,,,,,,,,,,,,
176,1.8853784799575806,0.2826846241950989,0.2768399119377136,0.28315407037734985,0.2750733196735382,0.298890084028244,0.3476623296737671,0.12107402831315994,0.8947149515151978,0.9022055864334106,0.9022055864334106,0.9042863249778748,0.8980441093444824,0.8722430467605591,0.9546400308609009,1.7896053791046143,0.28197652101516724,0.1987241953611374,0.18843598663806915,0.2861383557319641,0.31215551495552063,0.41937175393104553,0.10280315577983856,0.9139072895050049,0.942052960395813,0.945364236831665,0.9271523356437683,0.9089403748512268,0.8791390657424927,0.9718543291091919,0.6026490066225165,0.000125,float,,,,,,,,,,,,,,,,,,,,,,,,,,,,
177,1.8978911638259888,0.254226952791214,0.2870279848575592,0.28403225541114807,0.27802932262420654,0.3163239657878876,0.3493078947067261,0.12894271314144135,0.9117769598960876,0.9055347442626953,0.899292528629303,0.9030378460884094,0.889721155166626,0.875156044960022,0.9588015079498291,1.7838791608810425,0.2787891924381256,0.20425303280353546,0.1866467148065567,0.2880405783653259,0.30724769830703735,0.41937610507011414,0.09952601045370102,0.9155629277229309,0.942052960395813,0.9470198750495911,0.9304635524749756,0.9105960130691528,0.8807947039604187,0.9701986908912659,0.6043046357615894,0.000125,float,,,,,,,,,,,,,,,,,,,,,,,,,,,,
178,1.9183396100997925,0.26116254925727844,0.2797250747680664,0.27019721269607544,0.3098078668117523,0.30141010880470276,0.3577828109264374,0.1382533609867096,0.9126092195510864,0.9130253791809082,0.9067831635475159,0.8905534744262695,0.8838951587677002,0.8805659413337708,0.9496462941169739,1.7641464471817017,0.27547720074653625,0.1983546018600464,0.18231487274169922,0.28525418043136597,0.3042183220386505,0.41717109084129333,0.10135605931282043,0.9172185659408569,0.945364236831665,0.943708598613739,0.9337748289108276,0.9139072895050049,0.8774834275245667,0.9701986908912659,0.6125827814569537,0.000125,float,,,,,,,,,,,,,,,,,,,,,,,,,,,,
179,1.9474833011627197,0.29873502254486084,0.3050746023654938,0.26185014843940735,0.2764955759048462,0.32952144742012024,0.35687315464019775,0.11893262714147568,0.8967956900596619,0.8963795304298401,0.9067831635475159,0.8997086882591248,0.8851435780525208,0.8776529431343079,0.9575530290603638,1.7751741409301758,0.2804754078388214,0.1990172564983368,0.18137681484222412,0.2910773754119873,0.30417871475219727,0.41448187828063965,0.10456671565771103,0.9105960130691528,0.945364236831665,0.942052960395813,0.9254966974258423,0.9089403748512268,0.8807947039604187,0.9718543291091919,0.5960264900662252,0.000125,float,,,,,,,,,,,,,,,,,,,,,,,,,,,,
180,1.8177318572998047,0.2462279051542282,0.27237197756767273,0.26062914729118347,0.2760925590991974,0.28583550453186035,0.34670424461364746,0.12987004220485687,0.9192675948143005,0.8909696340560913,0.9076154828071594,0.898876428604126,0.8980441093444824,0.8747398853302002,0.9538077116012573,1.8069641590118408,0.2810707092285156,0.2053872048854828,0.18174083530902863,0.30554941296577454,0.30469653010368347,0.42746180295944214,0.10105763375759125,0.9155629277229309,0.9486755132675171,0.9486755132675171,0.9188741445541382,0.9089403748512268,0.8725165724754333,0.9718543291091919,0.597682119205298,0.000125,float,,,,,,,,,,,,,,,,,,,,,,,,,,,,
181,1.869759202003479,0.25348424911499023,0.2875945568084717,0.2614867389202118,0.2706132233142853,0.3258254826068878,0.34803953766822815,0.12271516770124435,0.9101123809814453,0.8959633708000183,0.903870165348053,0.9059509038925171,0.8868081569671631,0.8755722045898438,0.9592176675796509,1.776775598526001,0.2776168882846832,0.20378875732421875,0.17522776126861572,0.290057897567749,0.30523353815078735,0.42546290159225464,0.09938798099756241,0.9221854209899902,0.9470198750495911,0.9470198750495911,0.9271523356437683,0.9089403748512268,0.8741722106933594,0.9718543291091919,0.6043046357615894,0.000125,float,,,,,,,,,,,,,,,,,,,,,,,,,,,,
182,1.8705772161483765,0.26205316185951233,0.26382070779800415,0.26954734325408936,0.2656640410423279,0.3450095057487488,0.3419581651687622,0.12252368032932281,0.9059509038925171,0.9022055864334106,0.9030378460884094,0.9017894268035889,0.8755722045898438,0.8805659413337708,0.9575530290603638,1.7761869430541992,0.2797399163246155,0.1967909187078476,0.18339434266090393,0.29282817244529724,0.3046063482761383,0.41953375935554504,0.09929346293210983,0.9155629277229309,0.943708598613739,0.9370861053466797,0.9254966974258423,0.9072847962379456,0.8857616186141968,0.9701986908912659,0.5960264900662252,0.000125,float,,,,,,,,,,,,,,,,,,,,,,,,,,,,
183,1.8909024000167847,0.27084994316101074,0.2790220379829407,0.27787843346595764,0.2663419842720032,0.3246667981147766,0.33360156416893005,0.13854169845581055,0.9059509038925171,0.9051185846328735,0.8938826322555542,0.9047024846076965,0.8859758377075195,0.879733681678772,0.9508947134017944,1.7775862216949463,0.2749251127243042,0.20071202516555786,0.1819152683019638,0.2940179705619812,0.30278125405311584,0.4221693277359009,0.10106515884399414,0.9172185659408569,0.945364236831665,0.9486755132675171,0.9254966974258423,0.9072847962379456,0.8774834275245667,0.9685430526733398,0.6009933774834437,0.000125,float,,,,,,,,,,,,,,,,,,,,,,,,,,,,
184,1.8181719779968262,0.2610722482204437,0.28315043449401855,0.24409690499305725,0.2658390700817108,0.3082546889781952,0.3302730619907379,0.12548552453517914,0.9059509038925171,0.9017894268035889,0.9138576984405518,0.9080316424369812,0.8843112587928772,0.8880565762519836,0.951727032661438,1.7696149349212646,0.2714346945285797,0.20044009387493134,0.1800391674041748,0.2968977093696594,0.2957363426685333,0.42179250717163086,0.10327430814504623,0.9188741445541382,0.9503311514854431,0.9470198750495911,0.9288079738616943,0.9089403748512268,0.8807947039604187,0.9668874144554138,0.6059602649006622,0.000125,float,,,,,,,,,,,,,,,,,,,,,,,,,,,,
185,1.900997519493103,0.25334227085113525,0.3024512827396393,0.2755173146724701,0.2676679790019989,0.33757689595222473,0.3354627788066864,0.12897931039333344,0.9142737984657288,0.889305055141449,0.9009571075439453,0.9113608002662659,0.8772367835044861,0.8809821009635925,0.9533916115760803,1.7709059715270996,0.2719835638999939,0.20037870109081268,0.18285027146339417,0.29337215423583984,0.29999348521232605,0.4221373200416565,0.10019048303365707,0.9205297827720642,0.9470198750495911,0.943708598613739,0.9271523356437683,0.9139072895050049,0.8758277893066406,0.9751655459403992,0.609271523178808,0.000125,float,,,,,,,,,,,,,,,,,,,,,,,,,,,,
186,1.8369019031524658,0.2686401307582855,0.25958484411239624,0.2627238929271698,0.27906864881515503,0.30600976943969727,0.34869515895843506,0.11217865347862244,0.9105284810066223,0.90886390209198,0.90886390209198,0.9030378460884094,0.8918018937110901,0.8813982605934143,0.9629629850387573,1.7698718309402466,0.27316874265670776,0.19962987303733826,0.17949682474136353,0.2988342344760895,0.300033301115036,0.42050763964653015,0.0982012152671814,0.9221854209899902,0.943708598613739,0.943708598613739,0.9221854209899902,0.9139072895050049,0.8774834275245667,0.9718543291091919,0.6009933774834437,0.000125,float,,,,,,,,,,,,,,,,,,,,,,,,,,,,
187,1.8706822395324707,0.2850378155708313,0.26898664236068726,0.25569331645965576,0.2853964567184448,0.30255547165870667,0.3602113425731659,0.11280100792646408,0.8984602689743042,0.9055347442626953,0.9051185846328735,0.9017894268035889,0.8984602689743042,0.8697461485862732,0.9596337676048279,1.7637221813201904,0.2755624055862427,0.1988510638475418,0.18379706144332886,0.28836724162101746,0.29966574907302856,0.4187052547931671,0.09877333045005798,0.9221854209899902,0.9519867300987244,0.945364236831665,0.9271523356437683,0.9139072895050049,0.8774834275245667,0.9735099077224731,0.6125827814569537,0.000125,float,,,,,,,,,,,,,,,,,,,,,,,,,,,,
188,1.8425239324569702,0.2684580087661743,0.2579593360424042,0.2710753083229065,0.26519542932510376,0.3296970725059509,0.337352991104126,0.11278575658798218,0.9009571075439453,0.9109446406364441,0.8955472111701965,0.9096962213516235,0.889721155166626,0.8772367835044861,0.9592176675796509,1.7740070819854736,0.2791930139064789,0.1977936029434204,0.17739851772785187,0.29687291383743286,0.30175456404685974,0.42197778820991516,0.09901640564203262,0.9155629277229309,0.9486755132675171,0.9486755132675171,0.9254966974258423,0.9139072895050049,0.8758277893066406,0.9735099077224731,0.609271523178808,0.000125,float,,,,,,,,,,,,,,,,,,,,,,,,,,,,
189,1.8926876783370972,0.2780238091945648,0.27297520637512207,0.27676504850387573,0.27263110876083374,0.32194939255714417,0.35833948850631714,0.11200342327356339,0.9067831635475159,0.9059509038925171,0.9017894268035889,0.9009571075439453,0.884727418422699,0.8755722045898438,0.9588015079498291,1.7588768005371094,0.2762560248374939,0.19937387108802795,0.18112494051456451,0.2860339283943176,0.30119192600250244,0.41632333397865295,0.0985727533698082,0.9172185659408569,0.9486755132675171,0.9503311514854431,0.9288079738616943,0.9188741445541382,0.8758277893066406,0.9718543291091919,0.6192052980132451,0.000125,float,,,,,,,,,,,,,,,,,,,,,,,,,,,,
190,1.824475646018982,0.2494717836380005,0.28819727897644043,0.2500574290752411,0.27746689319610596,0.3038962483406067,0.340248167514801,0.1151377409696579,0.9055347442626953,0.8972117900848389,0.9142737984657288,0.9017894268035889,0.8955472111701965,0.879733681678772,0.956720769405365,1.7658590078353882,0.2773524224758148,0.19769565761089325,0.1768694519996643,0.2931724190711975,0.2995508313179016,0.4215982258319855,0.09961991757154465,0.9188741445541382,0.943708598613739,0.9470198750495911,0.9271523356437683,0.9122516512870789,0.8774834275245667,0.9735099077224731,0.609271523178808,0.000125,float,,,,,,,,,,,,,,,,,,,,,,,,,,,,
191,1.8168866634368896,0.26025551557540894,0.2694603204727173,0.2747516930103302,0.25584346055984497,0.2807466685771942,0.35505786538124084,0.1207708865404129,0.9138576984405518,0.9080316424369812,0.8997086882591248,0.9113608002662659,0.9009571075439453,0.8809821009635925,0.9583853483200073,1.7676767110824585,0.276628315448761,0.1947467178106308,0.18129274249076843,0.29391199350357056,0.2985498607158661,0.4250953197479248,0.09745173901319504,0.9139072895050049,0.9470198750495911,0.9486755132675171,0.9354304671287537,0.9072847962379456,0.8758277893066406,0.9735099077224731,0.6109271523178808,0.000125,float,,,,,,,,,,,,,,,,,,,,,,,,,,,,
192,1.83377206325531,0.2663058340549469,0.23738716542720795,0.2554948925971985,0.299621045589447,0.29430684447288513,0.34930238127708435,0.1313532292842865,0.908447802066803,0.9171868562698364,0.9117769598960876,0.8972117900848389,0.8930503726005554,0.8764045238494873,0.9558884501457214,1.769513487815857,0.2752382159233093,0.19786712527275085,0.1803407520055771,0.2910536229610443,0.3024548888206482,0.42356759309768677,0.0989912673830986,0.9221854209899902,0.9486755132675171,0.945364236831665,0.9304635524749756,0.9105960130691528,0.8774834275245667,0.9718543291091919,0.6125827814569537,0.000125,float,,,,,,,,,,,,,,,,,,,,,,,,,,,,
193,1.833264708518982,0.25617071986198425,0.27141547203063965,0.26733681559562683,0.28988194465637207,0.29125937819480896,0.34426775574684143,0.11293266713619232,0.9067831635475159,0.9001248478889465,0.9042863249778748,0.8972117900848389,0.908447802066803,0.8818144202232361,0.961714506149292,1.7992312908172607,0.2801364064216614,0.20365247130393982,0.19079060852527618,0.2967481017112732,0.3073870837688446,0.42140039801597595,0.09911629557609558,0.9238410592079163,0.945364236831665,0.943708598613739,0.9304635524749756,0.9056291580200195,0.8807947039604187,0.9701986908912659,0.6059602649006622,0.000125,float,,,,,,,,,,,,,,,,,,,,,,,,,,,,
194,1.8429003953933716,0.2599717676639557,0.2827775180339813,0.2683543264865875,0.2797083854675293,0.2888539135456085,0.3453846275806427,0.11784960329532623,0.9126092195510864,0.8976279497146606,0.898876428604126,0.9017894268035889,0.8980441093444824,0.8813982605934143,0.9625468254089355,1.759570837020874,0.27117833495140076,0.1974014937877655,0.18147705495357513,0.2915322482585907,0.3000178635120392,0.4185602366924286,0.0994037315249443,0.9188741445541382,0.9486755132675171,0.9486755132675171,0.9321191906929016,0.9072847962379456,0.8824503421783447,0.9685430526733398,0.6109271523178808,0.000125,float,,,,,,,,,,,,,,,,,,,,,,,,,,,,
195,1.801353096961975,0.23952873051166534,0.2480097860097885,0.27105972170829773,0.26307913661003113,0.292269766330719,0.35362833738327026,0.1337774097919464,0.9155222773551941,0.9180191159248352,0.903870165348053,0.9142737984657288,0.9017894268035889,0.8780691027641296,0.9538077116012573,1.769580602645874,0.272469162940979,0.1961650848388672,0.18372003734111786,0.2928014099597931,0.2997722923755646,0.424955815076828,0.09969671070575714,0.9238410592079163,0.9486755132675171,0.9503311514854431,0.9271523356437683,0.9155629277229309,0.8791390657424927,0.9701986908912659,0.6125827814569537,0.000125,float,,,,,,,,,,,,,,,,,,,,,,,,,,,,
196,1.8929775953292847,0.28507527709007263,0.26991406083106995,0.2614356279373169,0.2903149724006653,0.32995155453681946,0.3320767283439636,0.12420942634344101,0.9001248478889465,0.9013732671737671,0.9047024846076965,0.8980441093444824,0.8809821009635925,0.8830628395080566,0.9538077116012573,1.7558642625808716,0.26787298917770386,0.19943299889564514,0.18569527566432953,0.28666171431541443,0.2956150770187378,0.4226534366607666,0.09793264418840408,0.9221854209899902,0.9470198750495911,0.9486755132675171,0.9321191906929016,0.9122516512870789,0.8774834275245667,0.9701986908912659,0.6125827814569537,0.000125,float,,,,,,,,,,,,,,,,,,,,,,,,,,,,
197,1.8194559812545776,0.23983030021190643,0.27127939462661743,0.25950556993484497,0.2739933133125305,0.3150600492954254,0.33645185828208923,0.12333513796329498,0.918435275554657,0.9059509038925171,0.9067831635475159,0.908447802066803,0.8922180533409119,0.8809821009635925,0.9571369290351868,1.7535735368728638,0.27517029643058777,0.20029433071613312,0.18584907054901123,0.2801535725593567,0.3006579279899597,0.4086722433567047,0.10277619957923889,0.9205297827720642,0.9486755132675171,0.945364236831665,0.9271523356437683,0.9056291580200195,0.8824503421783447,0.9668874144554138,0.6009933774834437,0.000125,float,,,,,,,,,,,,,,,,,,,,,,,,,,,,
198,1.800279140472412,0.25608256459236145,0.25084856152534485,0.24363146722316742,0.29026731848716736,0.3183644413948059,0.3242584764957428,0.11682628095149994,0.9138576984405518,0.9105284810066223,0.90886390209198,0.8947149515151978,0.8913857936859131,0.8822305202484131,0.9575530290603638,1.7679519653320312,0.2738141715526581,0.1990470290184021,0.1853449046611786,0.29118314385414124,0.302807480096817,0.41445016860961914,0.10130532085895538,0.9205297827720642,0.9503311514854431,0.945364236831665,0.9288079738616943,0.9122516512870789,0.8774834275245667,0.9685430526733398,0.6109271523178808,0.000125,float,,,,,,,,,,,,,,,,,,,,,,,,,,,,
199,1.794141173362732,0.26531046628952026,0.2276386320590973,0.2517758309841156,0.27167510986328125,0.3066163957118988,0.3475913405418396,0.12353347986936569,0.9051185846328735,0.9255097508430481,0.9022055864334106,0.9126092195510864,0.8901373147964478,0.8822305202484131,0.956720769405365,1.7572381496429443,0.274382084608078,0.1926175355911255,0.18756932020187378,0.2857973575592041,0.30353760719299316,0.41185128688812256,0.10148286819458008,0.9271523356437683,0.9503311514854431,0.940397322177887,0.9354304671287537,0.9072847962379456,0.8807947039604187,0.9668874144554138,0.6125827814569537,0.000125,float,,,,,,,,,,,,,,,,,,,,,,,,,,,,
200,1.787777066230774,0.22431166470050812,0.24626702070236206,0.24215582013130188,0.261423259973526,0.3120265305042267,0.3671385943889618,0.13445398211479187,0.9221805930137634,0.918435275554657,0.9155222773551941,0.9105284810066223,0.8918018937110901,0.8660008311271667,0.9508947134017944,1.7696216106414795,0.27394992113113403,0.1980540007352829,0.183166965842247,0.2916203439235687,0.30349138379096985,0.4182145297527313,0.10112424939870834,0.9221854209899902,0.9503311514854431,0.943708598613739,0.9254966974258423,0.9089403748512268,0.8791390657424927,0.9701986908912659,0.6059602649006622,0.000125,float,,,,,,,,,,,,,,,,,,,,,,,,,,,,
201,1.828420877456665,0.27279403805732727,0.2730597257614136,0.26045092940330505,0.26448801159858704,0.32028210163116455,0.3184222877025604,0.1189236119389534,0.9005410075187683,0.9071993231773376,0.9063670635223389,0.9080316424369812,0.8868081569671631,0.8888888955116272,0.9571369290351868,1.7523919343948364,0.27648887038230896,0.1932680308818817,0.18724234402179718,0.28382712602615356,0.30197301506996155,0.4099092185497284,0.09968318790197372,0.9172185659408569,0.9519867300987244,0.943708598613739,0.9254966974258423,0.9072847962379456,0.8791390657424927,0.9735099077224731,0.609271523178808,0.000125,float,,,,,,,,,,,,,,,,,,,,,,,,,,,,
202,1.8365930318832397,0.2704167068004608,0.2587582468986511,0.23780572414398193,0.2755914330482483,0.3053598403930664,0.36188092827796936,0.1267801821231842,0.9026217460632324,0.9092800617218018,0.9159384369850159,0.8976279497146606,0.8909696340560913,0.8693299889564514,0.9558884501457214,1.76731538772583,0.2812025249004364,0.1917196810245514,0.18622440099716187,0.28737354278564453,0.30908316373825073,0.41238370537757874,0.09932846575975418,0.9188741445541382,0.945364236831665,0.9470198750495911,0.9271523356437683,0.9056291580200195,0.8791390657424927,0.9718543291091919,0.609271523178808,0.000125,float,,,,,,,,,,,,,,,,,,,,,,,,,,,,
203,1.8024828433990479,0.2579837739467621,0.24971958994865417,0.26836737990379333,0.2625340223312378,0.292043000459671,0.35803911089897156,0.11379579454660416,0.9096962213516235,0.908447802066803,0.9030378460884094,0.9047024846076965,0.8955472111701965,0.8664169907569885,0.9596337676048279,1.7395415306091309,0.27405768632888794,0.19208230078220367,0.18650679290294647,0.27953770756721497,0.2977485656738281,0.4086073338985443,0.1010010614991188,0.9238410592079163,0.9486755132675171,0.942052960395813,0.9354304671287537,0.9089403748512268,0.8824503421783447,0.9668874144554138,0.6109271523178808,0.000125,float,,,,,,,,,,,,,,,,,,,,,,,,,,,,
204,1.7682610750198364,0.2537934184074402,0.23882901668548584,0.253136545419693,0.25734469294548035,0.29916295409202576,0.3386443555355072,0.1273503452539444,0.9076154828071594,0.9188514351844788,0.9092800617218018,0.9121931195259094,0.8972117900848389,0.8822305202484131,0.9571369290351868,1.7633873224258423,0.2756239175796509,0.19728010892868042,0.18021738529205322,0.2936772108078003,0.3017826974391937,0.412840336561203,0.10196545720100403,0.9221854209899902,0.9470198750495911,0.9486755132675171,0.9254966974258423,0.9072847962379456,0.8741722106933594,0.9685430526733398,0.6026490066225165,0.000125,float,,,,,,,,,,,,,,,,,,,,,,,,,,,,
205,1.862985372543335,0.2657865881919861,0.2992507219314575,0.2707366645336151,0.2834188640117645,0.2934076189994812,0.33946317434310913,0.11092197149991989,0.9130253791809082,0.9026217460632324,0.9063670635223389,0.9042863249778748,0.8984602689743042,0.8793175220489502,0.9596337676048279,1.73707914352417,0.27367520332336426,0.19691886007785797,0.18264205753803253,0.2775435745716095,0.2989082336425781,0.4057598114013672,0.10163141041994095,0.9254966974258423,0.9519867300987244,0.9470198750495911,0.9288079738616943,0.9139072895050049,0.8824503421783447,0.9685430526733398,0.6208609271523179,0.000125,float,,,,,,,,,,,,,,,,,,,,,,,,,,,,
206,1.7785159349441528,0.24114088714122772,0.25276556611061096,0.2753104269504547,0.26503828167915344,0.305319607257843,0.3245846927165985,0.11435652524232864,0.9159384369850159,0.9076154828071594,0.9067831635475159,0.9080316424369812,0.8959633708000183,0.884727418422699,0.9608822464942932,1.7499476671218872,0.26969969272613525,0.19715146720409393,0.17981448769569397,0.2877352833747864,0.30071017146110535,0.41495659947395325,0.09987979382276535,0.9205297827720642,0.943708598613739,0.943708598613739,0.9288079738616943,0.9122516512870789,0.8791390657424927,0.9685430526733398,0.609271523178808,0.000125,float,,,,,,,,,,,,,,,,,,,,,,,,,,,,
207,1.7681852579116821,0.2308163195848465,0.2626817226409912,0.2517450451850891,0.25143003463745117,0.3041079342365265,0.35469838976860046,0.11270590126514435,0.9180191159248352,0.9096962213516235,0.9067831635475159,0.9076154828071594,0.8967956900596619,0.8739076256752014,0.9563046097755432,1.7585818767547607,0.2727718949317932,0.19814352691173553,0.1879030019044876,0.2860783636569977,0.29775163531303406,0.41778576374053955,0.09814763069152832,0.9172185659408569,0.945364236831665,0.9470198750495911,0.9321191906929016,0.9205297827720642,0.8841059803962708,0.9668874144554138,0.6158940397350994,0.000125,float,,,,,,,,,,,,,,,,,,,,,,,,,,,,
208,1.7718100547790527,0.25035062432289124,0.2518292963504791,0.2491992861032486,0.26668983697891235,0.294073224067688,0.3368411362171173,0.12282656878232956,0.9013732671737671,0.9142737984657288,0.9171868562698364,0.9063670635223389,0.899292528629303,0.8909696340560913,0.9596337676048279,1.7681094408035278,0.2759875953197479,0.19681839644908905,0.18835589289665222,0.28726547956466675,0.300902396440506,0.4177912473678589,0.10098844021558762,0.9205297827720642,0.9470198750495911,0.943708598613739,0.9271523356437683,0.9105960130691528,0.8791390657424927,0.9685430526733398,0.6076158940397351,0.000125,float,,,,,,,,,,,,,,,,,,,,,,,,,,,,
209,1.7145216464996338,0.25214138627052307,0.26019486784935,0.24580343067646027,0.2408849596977234,0.2939453423023224,0.2988854646682739,0.12266623973846436,0.9109446406364441,0.9051185846328735,0.9113608002662659,0.9126092195510864,0.8955472111701965,0.8884727358818054,0.9546400308609009,1.7757318019866943,0.2800609767436981,0.19863541424274445,0.1861816793680191,0.2886858284473419,0.3027813136577606,0.41730543971061707,0.10208112001419067,0.9221854209899902,0.9536423683166504,0.9470198750495911,0.9238410592079163,0.9122516512870789,0.8741722106933594,0.9668874144554138,0.6059602649006622,0.000125,float,,,,,,,,,,,,,,,,,,,,,,,,,,,,
210,1.8161219358444214,0.2546984553337097,0.2910135090351105,0.2451907992362976,0.2734338343143463,0.30292370915412903,0.3346603512763977,0.11420100927352905,0.9076154828071594,0.8955472111701965,0.9076154828071594,0.90886390209198,0.889305055141449,0.8826466798782349,0.9596337676048279,1.7528172731399536,0.27113571763038635,0.18819892406463623,0.19022397696971893,0.2866708040237427,0.3009189963340759,0.4129020869731903,0.1027667224407196,0.9238410592079163,0.9503311514854431,0.945364236831665,0.9321191906929016,0.9105960130691528,0.8758277893066406,0.9685430526733398,0.6175496688741722,0.000125,float,,,,,,,,,,,,,,,,,,,,,,,,,,,,
211,1.786132574081421,0.24575896561145782,0.24142640829086304,0.257109135389328,0.2779152989387512,0.30398768186569214,0.3596048057079315,0.1003301739692688,0.9142737984657288,0.9200998544692993,0.9067831635475159,0.9009571075439453,0.889721155166626,0.8755722045898438,0.9621306657791138,1.7749000787734985,0.2743672728538513,0.19377145171165466,0.1909780651330948,0.2942557632923126,0.3091612160205841,0.4103458523750305,0.10202040523290634,0.9221854209899902,0.945364236831665,0.945364236831665,0.9321191906929016,0.9139072895050049,0.8741722106933594,0.9685430526733398,0.6109271523178808,0.000125,float,,,,,,,,,,,,,,,,,,,,,,,,,,,,
212,1.7487645149230957,0.2517692446708679,0.24462194740772247,0.22622397541999817,0.2565031945705414,0.29840871691703796,0.34139102697372437,0.1298465132713318,0.9101123809814453,0.9117769598960876,0.91344153881073,0.9109446406364441,0.8976279497146606,0.8743237853050232,0.951727032661438,1.749175786972046,0.27003714442253113,0.1928098201751709,0.18580202758312225,0.2872627079486847,0.30034229159355164,0.4115310311317444,0.1013907864689827,0.9254966974258423,0.943708598613739,0.942052960395813,0.9288079738616943,0.9139072895050049,0.8791390657424927,0.9668874144554138,0.609271523178808,0.000125,float,,,,,,,,,,,,,,,,,,,,,,,,,,,,
213,1.7464905977249146,0.25943729281425476,0.2587050795555115,0.22206388413906097,0.28081783652305603,0.28002890944480896,0.3340601325035095,0.11137744039297104,0.9096962213516235,0.9096962213516235,0.9242613315582275,0.899292528629303,0.9017894268035889,0.8789013624191284,0.9588015079498291,1.7524222135543823,0.2774016857147217,0.19046583771705627,0.1830470710992813,0.28679949045181274,0.30397796630859375,0.408704936504364,0.10202542692422867,0.9221854209899902,0.9503311514854431,0.942052960395813,0.9354304671287537,0.9139072895050049,0.8791390657424927,0.9668874144554138,0.6158940397350994,0.000125,float,,,,,,,,,,,,,,,,,,,,,,,,,,,,
214,1.7863343954086304,0.2517887353897095,0.2503027319908142,0.27481937408447266,0.2724359333515167,0.29022344946861267,0.32039931416511536,0.12636475265026093,0.9121931195259094,0.9071993231773376,0.9071993231773376,0.9067831635475159,0.8972117900848389,0.8859758377075195,0.9579691886901855,1.7525413036346436,0.27613207697868347,0.1925465613603592,0.18526650965213776,0.29143813252449036,0.30370062589645386,0.40219441056251526,0.10126294195652008,0.9205297827720642,0.9470198750495911,0.942052960395813,0.9288079738616943,0.9122516512870789,0.8857616186141968,0.9668874144554138,0.6076158940397351,0.000125,float,,,,,,,,,,,,,,,,,,,,,,,,,,,,
215,1.7433847188949585,0.28876420855522156,0.23734448850154877,0.22996871173381805,0.2752171456813812,0.2922748029232025,0.30112478137016296,0.1186908483505249,0.8963795304298401,0.9159384369850159,0.9180191159248352,0.9034540057182312,0.8955472111701965,0.8905534744262695,0.9575530290603638,1.7581051588058472,0.2746816575527191,0.19489839673042297,0.18848192691802979,0.28980347514152527,0.3041830360889435,0.40594005584716797,0.10011699050664902,0.9238410592079163,0.9486755132675171,0.943708598613739,0.9238410592079163,0.9139072895050049,0.8857616186141968,0.9701986908912659,0.6109271523178808,0.000125,float,,,,,,,,,,,,,,,,,,,,,,,,,,,,
216,1.7671518325805664,0.2595667839050293,0.26992473006248474,0.2434636801481247,0.2490689605474472,0.2870989143848419,0.34169596433639526,0.11633282899856567,0.9071993231773376,0.9051185846328735,0.9092800617218018,0.9126092195510864,0.8967956900596619,0.8772367835044861,0.961298406124115,1.7559915781021118,0.27651405334472656,0.19372405111789703,0.18692056834697723,0.2901056408882141,0.30290907621383667,0.4074689745903015,0.09834928810596466,0.9221854209899902,0.945364236831665,0.943708598613739,0.9238410592079163,0.9139072895050049,0.8857616186141968,0.9735099077224731,0.6109271523178808,6.25e-05,float,,,,,,,,,,,,,,,,,,,,,,,,,,,,
217,1.7602144479751587,0.24285393953323364,0.26324015855789185,0.26082003116607666,0.27062806487083435,0.2937052249908447,0.32635757327079773,0.10260922461748123,0.9151061177253723,0.9109446406364441,0.9071993231773376,0.9063670635223389,0.8905534744262695,0.8855597376823425,0.9654598236083984,1.742916464805603,0.27279937267303467,0.19114454090595245,0.1840057224035263,0.28563374280929565,0.3028585612773895,0.4076736569404602,0.09880123287439346,0.9238410592079163,0.945364236831665,0.945364236831665,0.9271523356437683,0.9122516512870789,0.8857616186141968,0.9668874144554138,0.6109271523178808,6.25e-05,float,,,,,,,,,,,,,,,,,,,,,,,,,,,,
218,1.8581135272979736,0.26335588097572327,0.28634485602378845,0.24062034487724304,0.2656864523887634,0.31886518001556396,0.3538427948951721,0.12939849495887756,0.9063670635223389,0.9009571075439453,0.9126092195510864,0.9055347442626953,0.8884727358818054,0.8734914660453796,0.956720769405365,1.7409545183181763,0.26835155487060547,0.19377431273460388,0.18619762361049652,0.2829338014125824,0.30285218358039856,0.4080086946487427,0.09883612394332886,0.9238410592079163,0.9486755132675171,0.943708598613739,0.9288079738616943,0.9089403748512268,0.887417197227478,0.9668874144554138,0.6125827814569537,6.25e-05,float,,,,,,,,,,,,,,,,,,,,,,,,,,,,
219,1.748974084854126,0.23941102623939514,0.25256648659706116,0.26617559790611267,0.2570634186267853,0.29367583990097046,0.3337688148021698,0.10631299018859863,0.9180191159248352,0.9076154828071594,0.9017894268035889,0.9105284810066223,0.8930503726005554,0.8780691027641296,0.9608822464942932,1.7603201866149902,0.27194395661354065,0.19584833085536957,0.18924365937709808,0.2857973575592041,0.30707845091819763,0.4104595482349396,0.09994889050722122,0.9238410592079163,0.9470198750495911,0.942052960395813,0.9271523356437683,0.9155629277229309,0.8857616186141968,0.9685430526733398,0.6109271523178808,6.25e-05,float,,,,,,,,,,,,,,,,,,,,,,,,,,,,
220,1.7446634769439697,0.23597434163093567,0.26381832361221313,0.23087237775325775,0.27626335620880127,0.29520976543426514,0.33705201745033264,0.10547352582216263,0.9196837544441223,0.9105284810066223,0.9217644333839417,0.9009571075439453,0.8909696340560913,0.8793175220489502,0.9637952446937561,1.7463823556900024,0.2718654274940491,0.19515255093574524,0.18411846458911896,0.28340205550193787,0.30444425344467163,0.40734830498695374,0.1000511571764946,0.9238410592079163,0.9486755132675171,0.945364236831665,0.9288079738616943,0.9122516512870789,0.8824503421783447,0.9652317762374878,0.609271523178808,6.25e-05,float,,,,,,,,,,,,,,,,,,,,,,,,,,,,
221,1.6948797702789307,0.2383560985326767,0.24820511043071747,0.25383514165878296,0.23583044111728668,0.28108736872673035,0.3296070396900177,0.10795837640762329,0.9151061177253723,0.9121931195259094,0.9126092195510864,0.9155222773551941,0.9030378460884094,0.8930503726005554,0.9654598236083984,1.7571269273757935,0.27503976225852966,0.19163943827152252,0.1891549676656723,0.2829681932926178,0.30667927861213684,0.4114099442958832,0.10023520886898041,0.9238410592079163,0.9503311514854431,0.942052960395813,0.9271523356437683,0.9122516512870789,0.8791390657424927,0.9668874144554138,0.6109271523178808,6.25e-05,float,,,,,,,,,,,,,,,,,,,,,,,,,,,,
222,1.6971160173416138,0.21156203746795654,0.2746924161911011,0.24634625017642975,0.2381298989057541,0.29535946249961853,0.32650408148765564,0.10452192276716232,0.9296712279319763,0.9017894268035889,0.9138576984405518,0.91344153881073,0.894298791885376,0.884727418422699,0.9642114043235779,1.7535510063171387,0.27400797605514526,0.19063766300678253,0.18905307352542877,0.2882511615753174,0.30470672249794006,0.4070006012916565,0.09989356994628906,0.9238410592079163,0.9470198750495911,0.942052960395813,0.9288079738616943,0.9105960130691528,0.8824503421783447,0.9668874144554138,0.6076158940397351,6.25e-05,float,,,,,,,,,,,,,,,,,,,,,,,,,,,,
223,1.7474559545516968,0.2616063058376312,0.2440972924232483,0.2327309399843216,0.2636197805404663,0.28605008125305176,0.33025088906288147,0.129100501537323,0.9096962213516235,0.9142737984657288,0.9200998544692993,0.9071993231773376,0.903870165348053,0.884727418422699,0.9600499272346497,1.746570348739624,0.27444779872894287,0.1916986107826233,0.18480035662651062,0.28366073966026306,0.3021802604198456,0.4084935784339905,0.10128896683454514,0.9238410592079163,0.9486755132675171,0.943708598613739,0.9271523356437683,0.9122516512870789,0.8791390657424927,0.9652317762374878,0.6076158940397351,6.25e-05,float,,,,,,,,,,,,,,,,,,,,,,,,,,,,
224,1.7945783138275146,0.2673652768135071,0.2492920309305191,0.256645530462265,0.2969532907009125,0.2747057378292084,0.31992456316947937,0.12969183921813965,0.9109446406364441,0.9126092195510864,0.9059509038925171,0.899292528629303,0.8984602689743042,0.8809821009635925,0.9546400308609009,1.7378144264221191,0.2768077850341797,0.18826697766780853,0.18011702597141266,0.28493988513946533,0.3048093616962433,0.4042261242866516,0.0986473336815834,0.9238410592079163,0.9486755132675171,0.943708598613739,0.9337748289108276,0.9105960130691528,0.8857616186141968,0.9718543291091919,0.6158940397350994,6.25e-05,float,,,,,,,,,,,,,,,,,,,,,,,,,,,,
225,1.7409684658050537,0.2548227310180664,0.2573545277118683,0.23241519927978516,0.26218417286872864,0.29091858863830566,0.3177938163280487,0.12547972798347473,0.90886390209198,0.9080316424369812,0.9117769598960876,0.9080316424369812,0.8951311111450195,0.8868081569671631,0.9583853483200073,1.7423869371414185,0.2769488990306854,0.19196373224258423,0.17909495532512665,0.2819772958755493,0.3047582805156708,0.40760287642478943,0.10004077851772308,0.9221854209899902,0.9470198750495911,0.943708598613739,0.9288079738616943,0.9072847962379456,0.8824503421783447,0.9685430526733398,0.6059602649006622,6.25e-05,float,,,,,,,,,,,,,,,,,,,,,,,,,,,,
226,1.7052985429763794,0.2329566329717636,0.24013274908065796,0.24055664241313934,0.260332852602005,0.2938379645347595,0.3252395689487457,0.11224208027124405,0.9213483333587646,0.9155222773551941,0.9180191159248352,0.9022055864334106,0.8888888955116272,0.8801498413085938,0.9583853483200073,1.7355999946594238,0.273481160402298,0.19169384241104126,0.17832043766975403,0.2832931578159332,0.3017631471157074,0.4069192111492157,0.10012892633676529,0.9221854209899902,0.945364236831665,0.945364236831665,0.9271523356437683,0.9089403748512268,0.8807947039604187,0.9668874144554138,0.6043046357615894,3.125e-05,float,,,,,,,,,,,,,,,,,,,,,,,,,,,,
227,1.666385531425476,0.23699572682380676,0.23928914964199066,0.24762800335884094,0.24901831150054932,0.269698828458786,0.31675243377685547,0.10700354725122452,0.9167706966400146,0.9142737984657288,0.9138576984405518,0.9196837544441223,0.9059509038925171,0.8918018937110901,0.9596337676048279,1.7331743240356445,0.27440232038497925,0.1908223181962967,0.1775779277086258,0.28201404213905334,0.3024737238883972,0.40591004490852356,0.09997383505105972,0.9221854209899902,0.9470198750495911,0.9470198750495911,0.9271523356437683,0.9105960130691528,0.8841059803962708,0.9685430526733398,0.6076158940397351,3.125e-05,float,,,,,,,,,,,,,,,,,,,,,,,,,,,,
228,1.720574140548706,0.2368430495262146,0.25112444162368774,0.24644745886325836,0.25811856985092163,0.2981898784637451,0.3057418763637543,0.12410853803157806,0.9176030158996582,0.9113608002662659,0.9163545370101929,0.9105284810066223,0.889305055141449,0.8880565762519836,0.961298406124115,1.7483314275741577,0.27370283007621765,0.19251596927642822,0.17960157990455627,0.2880113124847412,0.30281367897987366,0.4111648499965668,0.10052125155925751,0.9221854209899902,0.9470198750495911,0.943708598613739,0.9254966974258423,0.9089403748512268,0.8774834275245667,0.9685430526733398,0.6026490066225165,3.125e-05,float,,,,,,,,,,,,,,,,,,,,,,,,,,,,
229,1.78582763671875,0.246596097946167,0.24363400042057037,0.26052016019821167,0.24712204933166504,0.3099157214164734,0.3535661995410919,0.12447339296340942,0.923012912273407,0.9155222773551941,0.9030378460884094,0.9059509038925171,0.8918018937110901,0.8718268871307373,0.9542238712310791,1.7458364963531494,0.2755067050457001,0.19419172406196594,0.1781250238418579,0.2846597731113434,0.3032667934894562,0.41025879979133606,0.09982773661613464,0.9221854209899902,0.9470198750495911,0.943708598613739,0.9271523356437683,0.9105960130691528,0.8791390657424927,0.9701986908912659,0.6059602649006622,3.125e-05,float,,,,,,,,,,,,,,,,,,,,,,,,,,,,
230,1.603861689567566,0.23605604469776154,0.2372841089963913,0.21121490001678467,0.24630828201770782,0.27841421961784363,0.28986307978630066,0.10472097247838974,0.9159384369850159,0.918435275554657,0.9242613315582275,0.9071993231773376,0.9047024846076965,0.8997086882591248,0.9621306657791138,1.740936040878296,0.2779461145401001,0.19269180297851562,0.17730574309825897,0.28316357731819153,0.3028861880302429,0.40725111961364746,0.09969150274991989,0.9221854209899902,0.9470198750495911,0.943708598613739,0.9288079738616943,0.9089403748512268,0.8807947039604187,0.9701986908912659,0.6043046357615894,3.125e-05,float,,,,,,,,,,,,,,,,,,,,,,,,,,,,
231,1.710279941558838,0.23829786479473114,0.26272618770599365,0.258068323135376,0.2410336434841156,0.2859167754650116,0.30812299251556396,0.11611443012952805,0.9188514351844788,0.9096962213516235,0.9080316424369812,0.9155222773551941,0.8997086882591248,0.8888888955116272,0.9608822464942932,1.7393115758895874,0.2748061716556549,0.1936841607093811,0.1787901371717453,0.2849336266517639,0.30154749751091003,0.4063522517681122,0.09919754415750504,0.9221854209899902,0.9470198750495911,0.943708598613739,0.9271523356437683,0.9122516512870789,0.8774834275245667,0.9701986908912659,0.6026490066225165,3.125e-05,float,,,,,,,,,,,,,,,,,,,,,,,,,,,,
232,1.6843808889389038,0.23172308504581451,0.24276353418827057,0.2389342188835144,0.24844932556152344,0.27630433440208435,0.3257776200771332,0.12042891979217529,0.9209321737289429,0.9138576984405518,0.9155222773551941,0.908447802066803,0.903870165348053,0.8863919973373413,0.9575530290603638,1.7335879802703857,0.27500584721565247,0.19220490753650665,0.1791192591190338,0.2818819284439087,0.30185574293136597,0.4048996567726135,0.09862067550420761,0.9221854209899902,0.9470198750495911,0.943708598613739,0.9271523356437683,0.9105960130691528,0.8807947039604187,0.9718543291091919,0.6059602649006622,3.125e-05,float,,,,,,,,,,,,,,,,,,,,,,,,,,,,
233,1.6665695905685425,0.2444169968366623,0.24633260071277618,0.23804038763046265,0.24523384869098663,0.28420159220695496,0.28930240869522095,0.11904200166463852,0.9101123809814453,0.9163545370101929,0.9130253791809082,0.9138576984405518,0.9001248478889465,0.8951311111450195,0.9625468254089355,1.7408061027526855,0.2757156789302826,0.19389551877975464,0.18080835044384003,0.28109508752822876,0.303056001663208,0.4074406027793884,0.0987948402762413,0.9221854209899902,0.9470198750495911,0.943708598613739,0.9288079738616943,0.9089403748512268,0.8791390657424927,0.9685430526733398,0.6026490066225165,3.125e-05,float,,,,,,,,,,,,,,,,,,,,,,,,,,,,
234,1.7492319345474243,0.2373511642217636,0.26811397075653076,0.27545908093452454,0.26082322001457214,0.26496848464012146,0.32843104004859924,0.11408498138189316,0.9200998544692993,0.9051185846328735,0.9067831635475159,0.908447802066803,0.9063670635223389,0.8834789991378784,0.9629629850387573,1.7429686784744263,0.27694401144981384,0.19321715831756592,0.1819705367088318,0.2827487587928772,0.302753746509552,0.40733057260513306,0.09800389409065247,0.9221854209899902,0.9470198750495911,0.942052960395813,0.9304635524749756,0.9072847962379456,0.8791390657424927,0.9685430526733398,0.6043046357615894,3.125e-05,float,,,,,,,,,,,,,,,,,,,,,,,,,,,,
235,1.7268494367599487,0.2457038164138794,0.2660481929779053,0.25327664613723755,0.2538904845714569,0.2743876278400421,0.3102683126926422,0.12327396124601364,0.9142737984657288,0.9034540057182312,0.9080316424369812,0.9092800617218018,0.8997086882591248,0.8951311111450195,0.9558884501457214,1.7451796531677246,0.2780694365501404,0.19308538734912872,0.18228453397750854,0.2827009856700897,0.30334845185279846,0.40730389952659607,0.0983867421746254,0.9221854209899902,0.9470198750495911,0.942052960395813,0.9288079738616943,0.9105960130691528,0.8791390657424927,0.9701986908912659,0.6059602649006622,3.125e-05,float,,,,,,,,,,,,,,,,,,,,,,,,,,,,
236,1.650109887123108,0.23257631063461304,0.24187488853931427,0.2315080463886261,0.2659696340560913,0.2737460434436798,0.29863008856773376,0.10580501705408096,0.918435275554657,0.9192675948143005,0.9180191159248352,0.908447802066803,0.9042863249778748,0.894298791885376,0.9637952446937561,1.7432550191879272,0.2789508104324341,0.19205418229103088,0.18127402663230896,0.2832608222961426,0.30277204513549805,0.4065698981285095,0.09837320446968079,0.9221854209899902,0.9470198750495911,0.943708598613739,0.9271523356437683,0.9105960130691528,0.8841059803962708,0.9685430526733398,0.6043046357615894,3.125e-05,float,,,,,,,,,,,,,,,,,,,,,,,,,,,,
237,1.6469006538391113,0.24106484651565552,0.24331137537956238,0.2514760196208954,0.22924408316612244,0.26428306102752686,0.31377264857292175,0.10374864935874939,0.91344153881073,0.9159384369850159,0.9096962213516235,0.923012912273407,0.9030378460884094,0.8868081569671631,0.961714506149292,1.7389037609100342,0.2779134213924408,0.1918557584285736,0.17984320223331451,0.2822551131248474,0.3020251989364624,0.40642639994621277,0.09858493506908417,0.9221854209899902,0.9470198750495911,0.943708598613739,0.9288079738616943,0.9105960130691528,0.8791390657424927,0.9668874144554138,0.6026490066225165,3.125e-05,float,,,,,,,,,,,,,,,,,,,,,,,,,,,,
238,1.7432364225387573,0.24738864600658417,0.2510738670825958,0.24512013792991638,0.25708773732185364,0.29619163274765015,0.32916924357414246,0.11720514297485352,0.9063670635223389,0.9126092195510864,0.9126092195510864,0.9051185846328735,0.8926342129707336,0.8789013624191284,0.9608822464942932,1.7461544275283813,0.27929362654685974,0.1933416724205017,0.1790371835231781,0.28355470299720764,0.3027370870113373,0.4096660614013672,0.09852398186922073,0.9221854209899902,0.9519867300987244,0.943708598613739,0.9288079738616943,0.9122516512870789,0.8791390657424927,0.9701986908912659,0.609271523178808,1.5625e-05,float,,,,,,,,,,,,,,,,,,,,,,,,,,,,
239,1.7057619094848633,0.26039519906044006,0.22834034264087677,0.256143718957901,0.2322634905576706,0.29342788457870483,0.3220779299736023,0.11311362683773041,0.90886390209198,0.9163545370101929,0.90886390209198,0.9221805930137634,0.8905534744262695,0.8863919973373413,0.9571369290351868,1.7407392263412476,0.2797628343105316,0.19158467650413513,0.17831599712371826,0.28223860263824463,0.30280303955078125,0.4077313542366028,0.09830264747142792,0.9221854209899902,0.9519867300987244,0.943708598613739,0.9288079738616943,0.9122516512870789,0.8791390657424927,0.9685430526733398,0.609271523178808,1.5625e-05,float,,,,,,,,,,,,,,,,,,,,,,,,,,,,
240,1.7172822952270508,0.22580178081989288,0.2514136731624603,0.24639759957790375,0.25750088691711426,0.31564781069755554,0.3083000183105469,0.1122206375002861,0.9200998544692993,0.9071993231773376,0.9163545370101929,0.9092800617218018,0.8918018937110901,0.8922180533409119,0.9596337676048279,1.7396734952926636,0.2787017524242401,0.19176697731018066,0.17924048006534576,0.28276535868644714,0.3021523356437683,0.40694573521614075,0.09810074418783188,0.9221854209899902,0.9536423683166504,0.943708598613739,0.9288079738616943,0.9122516512870789,0.8774834275245667,0.9685430526733398,0.609271523178808,1.5625e-05,float,,,,,,,,,,,,,,,,,,,,,,,,,,,,
241,1.6975427865982056,0.2485988587141037,0.23101601004600525,0.2648676335811615,0.23331581056118011,0.2841697335243225,0.31901827454566956,0.11655610799789429,0.9101123809814453,0.9167706966400146,0.899292528629303,0.9209321737289429,0.9047024846076965,0.8863919973373413,0.956720769405365,1.7408722639083862,0.2773702144622803,0.19227078557014465,0.17935796082019806,0.28373467922210693,0.3026391863822937,0.4068237841129303,0.09867560863494873,0.9221854209899902,0.9503311514854431,0.943708598613739,0.9288079738616943,0.9105960130691528,0.8807947039604187,0.9685430526733398,0.6059602649006622,1.5625e-05,float,,,,,,,,,,,,,,,,,,,,,,,,,,,,
242,1.668925404548645,0.2656210660934448,0.2482345551252365,0.24350637197494507,0.22971677780151367,0.2744387984275818,0.30133500695228577,0.10607276111841202,0.9063670635223389,0.9126092195510864,0.9171868562698364,0.9180191159248352,0.9013732671737671,0.8922180533409119,0.9629629850387573,1.7369498014450073,0.27665597200393677,0.19222889840602875,0.17966854572296143,0.2824336588382721,0.3022089898586273,0.4053610861301422,0.09839265048503876,0.9221854209899902,0.9486755132675171,0.943708598613739,0.9288079738616943,0.9105960130691528,0.8824503421783447,0.9685430526733398,0.6076158940397351,1.5625e-05,float,,,,,,,,,,,,,,,,,,,,,,,,,,,,
243,1.6721820831298828,0.2323438674211502,0.24543753266334534,0.2201710343360901,0.26365047693252563,0.2911149859428406,0.30239400267601013,0.11707015335559845,0.9234290719032288,0.9109446406364441,0.9242613315582275,0.9047024846076965,0.8938826322555542,0.8959633708000183,0.9583853483200073,1.7392446994781494,0.27714428305625916,0.19254013895988464,0.1795743703842163,0.28340306878089905,0.3034193217754364,0.4047244191169739,0.09843907505273819,0.9221854209899902,0.9503311514854431,0.943708598613739,0.9288079738616943,0.9105960130691528,0.8791390657424927,0.9685430526733398,0.6076158940397351,1.5625e-05,float,,,,,,,,,,,,,,,,,,,,,,,,,,,,
244,1.7350845336914062,0.2683025896549225,0.2721150815486908,0.24594223499298096,0.2509429156780243,0.2868032455444336,0.29978781938552856,0.11119004338979721,0.9030378460884094,0.9022055864334106,0.9130253791809082,0.9176030158996582,0.9013732671737671,0.8909696340560913,0.9608822464942932,1.743760108947754,0.2767120897769928,0.1928502917289734,0.18209156394004822,0.2834034562110901,0.30399495363235474,0.4060179591178894,0.09868994355201721,0.9221854209899902,0.9486755132675171,0.942052960395813,0.9271523356437683,0.9105960130691528,0.8791390657424927,0.9668874144554138,0.6026490066225165,1.5625e-05,float,,,,,,,,,,,,,,,,,,,,,,,,,,,,
245,1.738248348236084,0.2414485216140747,0.23404401540756226,0.2560683488845825,0.2504280209541321,0.31129640340805054,0.3324616551399231,0.11250143498182297,0.9096962213516235,0.9138576984405518,0.9151061177253723,0.9092800617218018,0.8909696340560913,0.8784852027893066,0.961714506149292,1.7506722211837769,0.27757343649864197,0.19315080344676971,0.18290825188159943,0.2873697280883789,0.30452606081962585,0.4068746864795685,0.09826906770467758,0.9221854209899902,0.9503311514854431,0.942052960395813,0.9288079738616943,0.9122516512870789,0.8791390657424927,0.9668874144554138,0.6076158940397351,1.5625e-05,float,,,,,,,,,,,,,,,,,,,,,,,,,,,,
246,1.718397617340088,0.2457803636789322,0.2548586428165436,0.23785756528377533,0.24453602731227875,0.2881830930709839,0.33194825053215027,0.11523383110761642,0.9159384369850159,0.9096962213516235,0.9213483333587646,0.9105284810066223,0.9034540057182312,0.8826466798782349,0.9608822464942932,1.7388619184494019,0.27638718485832214,0.1916467398405075,0.1808011829853058,0.2849980294704437,0.3023073077201843,0.40432003140449524,0.09840129315853119,0.9221854209899902,0.9519867300987244,0.942052960395813,0.9288079738616943,0.9122516512870789,0.8807947039604187,0.9668874144554138,0.609271523178808,1.5625e-05,float,,,,,,,,,,,,,,,,,,,,,,,,,,,,
247,1.7285828590393066,0.2480018436908722,0.2735714018344879,0.24734008312225342,0.2551182508468628,0.29377418756484985,0.3026392161846161,0.10813802480697632,0.91344153881073,0.9009571075439453,0.9151061177253723,0.9142737984657288,0.8963795304298401,0.8930503726005554,0.9604660868644714,1.7335987091064453,0.2752787470817566,0.19083064794540405,0.18062981963157654,0.2839186489582062,0.3019558787345886,0.40271395444869995,0.09827098995447159,0.9221854209899902,0.9536423683166504,0.942052960395813,0.9271523356437683,0.9122516512870789,0.8841059803962708,0.9685430526733398,0.6109271523178808,1.5625e-05,float,,,,,,,,,,,,,,,,,,,,,,,,,,,,
248,1.763885259628296,0.22458064556121826,0.2744919955730438,0.2634153664112091,0.28459450602531433,0.2773461639881134,0.3219829499721527,0.11747351288795471,0.9255097508430481,0.9005410075187683,0.91344153881073,0.9009571075439453,0.8967956900596619,0.8888888955116272,0.9546400308609009,1.737500786781311,0.2754630148410797,0.19170668721199036,0.18159115314483643,0.2840914726257324,0.30260953307151794,0.40367045998573303,0.0983683317899704,0.9221854209899902,0.9519867300987244,0.942052960395813,0.9288079738616943,0.9122516512870789,0.8807947039604187,0.9685430526733398,0.6076158940397351,7.8125e-06,float,,,,,,,,,,,,,,,,,,,,,,,,,,,,
249,1.6845306158065796,0.25696319341659546,0.25393831729888916,0.2395535111427307,0.23282265663146973,0.24621766805648804,0.33172088861465454,0.12331385910511017,0.9055347442626953,0.90886390209198,0.9138576984405518,0.9205160140991211,0.9163545370101929,0.8876404762268066,0.9538077116012573,1.739587664604187,0.2752843499183655,0.19156837463378906,0.1815861314535141,0.2854073941707611,0.3030342757701874,0.4041694700717926,0.09853730350732803,0.9221854209899902,0.9486755132675171,0.942052960395813,0.9271523356437683,0.9122516512870789,0.8807947039604187,0.9685430526733398,0.6059602649006622,7.8125e-06,float,,,,,,,,,,,,,,,,,,,,,,,,,,,,
250,1.6887295246124268,0.25057899951934814,0.24620875716209412,0.2243526577949524,0.23110686242580414,0.2884254455566406,0.33092424273490906,0.11713306605815887,0.9113608002662659,0.9109446406364441,0.9192675948143005,0.9180191159248352,0.9005410075187683,0.8880565762519836,0.9575530290603638,1.7402445077896118,0.275748610496521,0.19182124733924866,0.18243536353111267,0.2847082018852234,0.30284035205841064,0.40431952476501465,0.09837105125188828,0.9221854209899902,0.9486755132675171,0.942052960395813,0.9288079738616943,0.9122516512870789,0.8807947039604187,0.9685430526733398,0.6076158940397351,7.8125e-06,float,,,,,,,,,,,,,,,,,,,,,,,,,,,,
251,1.657626748085022,0.22731760144233704,0.251048743724823,0.23157362639904022,0.23975318670272827,0.2802732288837433,0.31496647000312805,0.11269373446702957,0.9176030158996582,0.9188514351844788,0.9176030158996582,0.9180191159248352,0.8972117900848389,0.8851435780525208,0.9608822464942932,1.741167664527893,0.27677181363105774,0.19202062487602234,0.18220485746860504,0.28384140133857727,0.3029197156429291,0.4050583839416504,0.09835095703601837,0.9221854209899902,0.9486755132675171,0.942052960395813,0.9288079738616943,0.9122516512870789,0.8807947039604187,0.9685430526733398,0.6076158940397351,7.8125e-06,float,,,,,,,,,,,,,,,,,,,,,,,,,,,,
252,1.7137458324432373,0.22660161554813385,0.25637316703796387,0.24876710772514343,0.24426600337028503,0.2971913516521454,0.3223080635070801,0.1182386502623558,0.9188514351844788,0.90886390209198,0.9121931195259094,0.9096962213516235,0.8984602689743042,0.8826466798782349,0.9575530290603638,1.7419064044952393,0.27705544233322144,0.1919996738433838,0.18153543770313263,0.2845942974090576,0.3027958273887634,0.40583309531211853,0.09809252619743347,0.9221854209899902,0.9486755132675171,0.942052960395813,0.9288079738616943,0.9122516512870789,0.8807947039604187,0.9685430526733398,0.6076158940397351,7.8125e-06,float,,,,,,,,,,,,,,,,,,,,,,,,,,,,
253,1.757622480392456,0.2660086750984192,0.2560696601867676,0.2533921003341675,0.2820603549480438,0.29530343413352966,0.28830790519714355,0.11648054420948029,0.9076154828071594,0.9080316424369812,0.908447802066803,0.8938826322555542,0.8934664726257324,0.8955472111701965,0.9592176675796509,1.736303448677063,0.27623724937438965,0.19090785086154938,0.18140794336795807,0.283295601606369,0.30177849531173706,0.4045698046684265,0.09810639172792435,0.9221854209899902,0.9503311514854431,0.942052960395813,0.9304635524749756,0.9122516512870789,0.8807947039604187,0.9685430526733398,0.609271523178808,7.8125e-06,float,,,,,,,,,,,,,,,,,,,,,,,,,,,,
254,1.7025901079177856,0.22947615385055542,0.2555278539657593,0.24916575849056244,0.2482142299413681,0.2731637954711914,0.32356366515159607,0.12347832322120667,0.9167706966400146,0.9146899580955505,0.9180191159248352,0.9176030158996582,0.908447802066803,0.8876404762268066,0.9629629850387573,1.7371931076049805,0.27595049142837524,0.19065719842910767,0.18123207986354828,0.28454744815826416,0.30185654759407043,0.40489673614501953,0.09805266559123993,0.9221854209899902,0.9503311514854431,0.942052960395813,0.9288079738616943,0.9122516512870789,0.8824503421783447,0.9668874144554138,0.609271523178808,7.8125e-06,float,,,,,,,,,,,,,,,,,,,,,,,,,,,,
255,1.640837550163269,0.20802515745162964,0.2537870705127716,0.24921680986881256,0.2375764101743698,0.25873422622680664,0.3238394856452942,0.109658382833004,0.9313358068466187,0.91344153881073,0.9138576984405518,0.9192675948143005,0.9055347442626953,0.8872243165969849,0.9633790850639343,1.7368576526641846,0.27598410844802856,0.19100579619407654,0.18112267553806305,0.28393757343292236,0.3017749786376953,0.4046059846878052,0.0984264686703682,0.9221854209899902,0.9486755132675171,0.942052960395813,0.9271523356437683,0.9122516512870789,0.8807947039604187,0.9668874144554138,0.6059602649006622,7.8125e-06,float,,,,,,,,,,,,,,,,,,,,,,,,,,,,
256,1.7185500860214233,0.22956418991088867,0.25819283723831177,0.24832703173160553,0.25091972947120667,0.29322054982185364,0.32558634877204895,0.11273980885744095,0.9196837544441223,0.9034540057182312,0.9105284810066223,0.9188514351844788,0.8938826322555542,0.8813982605934143,0.9592176675796509,1.736752986907959,0.2764286994934082,0.19135665893554688,0.18068748712539673,0.2837460935115814,0.3020229637622833,0.4039449095726013,0.09856605529785156,0.9221854209899902,0.9486755132675171,0.942052960395813,0.9271523356437683,0.9122516512870789,0.8807947039604187,0.9701986908912659,0.6076158940397351,7.8125e-06,float,,,,,,,,,,,,,,,,,,,,,,,,,,,,
257,1.668002724647522,0.22016026079654694,0.23587189614772797,0.24276505410671234,0.24271820485591888,0.2925267219543457,0.3136310577392578,0.12032967060804367,0.9213483333587646,0.9167706966400146,0.9180191159248352,0.9155222773551941,0.9042863249778748,0.8901373147964478,0.9633790850639343,1.7357165813446045,0.27618408203125,0.19120222330093384,0.18131759762763977,0.28321847319602966,0.30188626050949097,0.4033588767051697,0.09854871779680252,0.9221854209899902,0.9519867300987244,0.942052960395813,0.9271523356437683,0.9105960130691528,0.8807947039604187,0.9668874144554138,0.6059602649006622,7.8125e-06,float,,,,,,,,,,,,,,,,,,,,,,,,,,,,
258,2.1383955478668213,,,,,,,,,,,,,,,1.8528512716293335,,,,,,,,,,,,,,,0.5860927152317881,,qat,0.2848232090473175,0.33343109488487244,0.31448543071746826,0.33350279927253723,0.3602038621902466,0.3697240948677063,0.1422247588634491,0.899292528629303,0.8888888955116272,0.8909696340560913,0.8834789991378784,0.8776529431343079,0.8747398853302002,0.951727032661438,0.2797915041446686,0.21352404356002808,0.2069557160139084,0.2971234619617462,0.3138508200645447,0.4352475702762604,0.10635801404714584,0.9221854209899902,0.9470198750495911,0.9337748289108276,0.9254966974258423,0.9089403748512268,0.8675496578216553,0.9586092829704285
259,2.0395002365112305,,,,,,,,,,,,,,,1.8167122602462769,,,,,,,,,,,,,,,0.5877483443708609,,qat,0.27601486444473267,0.31888315081596375,0.2773520052433014,0.3258760869503021,0.3121050000190735,0.39415615797042847,0.13511256873607635,0.9034540057182312,0.8963795304298401,0.9055347442626953,0.8793175220489502,0.8963795304298401,0.8664169907569885,0.951727032661438,0.2731224298477173,0.20646141469478607,0.20210620760917664,0.2893325388431549,0.3113667070865631,0.42904821038246155,0.1052747517824173,0.9205297827720642,0.942052960395813,0.9370861053466797,0.9288079738616943,0.9023178815841675,0.8725165724754333,0.9602649211883545
260,1.8463258743286133,,,,,,,,,,,,,,,1.7696623802185059,,,,,,,,,,,,,,,0.597682119205298,,qat,0.2646297812461853,0.2857625186443329,0.26416531205177307,0.28338363766670227,0.28436213731765747,0.34956619143486023,0.11445613205432892,0.9055347442626953,0.903870165348053,0.9092800617218018,0.9051185846328735,0.9055347442626953,0.8772367835044861,0.9596337676048279,0.26829248666763306,0.20150113105773926,0.19298593699932098,0.2776915729045868,0.30435532331466675,0.42091718316078186,0.10391865670681,0.9238410592079163,0.945364236831665,0.9387417435646057,0.9288079738616943,0.9072847962379456,0.8758277893066406,0.9668874144554138
261,1.930349349975586,,,,,,,,,,,,,,,1.7483471632003784,,,,,,,,,,,,,,,0.6059602649006622,,qat,0.28254878520965576,0.28818655014038086,0.27503731846809387,0.2803294360637665,0.31681424379348755,0.34604793787002563,0.14138463139533997,0.8980441093444824,0.9001248478889465,0.9005410075187683,0.9059509038925171,0.889305055141449,0.879733681678772,0.9533916115760803,0.26542288064956665,0.19499154388904572,0.1926601678133011,0.2787719666957855,0.2997460663318634,0.4141123294830322,0.10264215618371964,0.9254966974258423,0.9470198750495911,0.942052960395813,0.9254966974258423,0.9122516512870789,0.8774834275245667,0.9701986908912659
262,1.8626590967178345,,,,,,,,,,,,,,,1.7427265644073486,,,,,,,,,,,,,,,0.597682119205298,,qat,0.26218822598457336,0.2865833342075348,0.25020071864128113,0.286250501871109,0.28449273109436035,0.35819846391677856,0.13474473357200623,0.9101123809814453,0.9034540057182312,0.9151061177253723,0.9042863249778748,0.898876428604126,0.8755722045898438,0.9513108730316162,0.26888683438301086,0.19637826085090637,0.18501880764961243,0.2730084955692291,0.3037993907928467,0.41031405329704285,0.10532049834728241,0.9188741445541382,0.942052960395813,0.940397322177887,0.9321191906929016,0.9122516512870789,0.8741722106933594,0.9668874144554138
263,1.824875831604004,,,,,,,,,,,,,,,1.7383545637130737,,,,,,,,,,,,,,,0.6026490066225165,,qat,0.27273955941200256,0.27834823727607727,0.25190186500549316,0.2966229319572449,0.27955183386802673,0.3245300352573395,0.12118155509233475,0.9009571075439453,0.9026217460632324,0.9117769598960876,0.9022055864334106,0.9067831635475159,0.8918018937110901,0.961298406124115,0.2701779305934906,0.19291530549526215,0.18292850255966187,0.2750788927078247,0.3040550649166107,0.4099717438220978,0.10322722047567368,0.9205297827720642,0.943708598613739,0.942052960395813,0.9288079738616943,0.9122516512870789,0.8758277893066406,0.9668874144554138
264,1.8447314500808716,,,,,,,,,,,,,,,1.7265758514404297,,,,,,,,,,,,,,,0.6125827814569537,,qat,0.23784887790679932,0.258150577545166,0.2704426944255829,0.2760678231716156,0.31778469681739807,0.3502140939235687,0.13422255218029022,0.9155222773551941,0.9096962213516235,0.9030378460884094,0.9063670635223389,0.8905534744262695,0.8734914660453796,0.9554723501205444,0.26860561966896057,0.19386008381843567,0.179701030254364,0.27254849672317505,0.3009970486164093,0.4075842797756195,0.1032794713973999,0.9238410592079163,0.943708598613739,0.9470198750495911,0.9254966974258423,0.9139072895050049,0.8791390657424927,0.9685430526733398
265,1.7969239950180054,,,,,,,,,,,,,,,1.7246893644332886,,,,,,,,,,,,,,,0.6142384105960265,,qat,0.2748801112174988,0.27329424023628235,0.26078206300735474,0.2696555554866791,0.289915531873703,0.31532153487205505,0.11307492852210999,0.9101123809814453,0.9001248478889465,0.9126092195510864,0.9080316424369812,0.899292528629303,0.8888888955116272,0.9592176675796509,0.26901718974113464,0.19444170594215393,0.18247802555561066,0.27232828736305237,0.2981557846069336,0.4048897325992584,0.10337881743907928,0.9221854209899902,0.9486755132675171,0.945364236831665,0.9304635524749756,0.9122516512870789,0.8841059803962708,0.9668874144554138
266,1.7467163801193237,,,,,,,,,,,,,,,1.7106555700302124,,,,,,,,,,,,,,,0.6142384105960265,,qat,0.25778162479400635,0.24809660017490387,0.2364393025636673,0.27390551567077637,0.2906494140625,0.32316073775291443,0.1166832447052002,0.9105284810066223,0.9113608002662659,0.9221805930137634,0.9059509038925171,0.9009571075439453,0.8872243165969849,0.9604660868644714,0.2674497961997986,0.19050762057304382,0.17958444356918335,0.27335432171821594,0.2964145541191101,0.400429904460907,0.1029149740934372,0.9254966974258423,0.9503311514854431,0.945364236831665,0.9288079738616943,0.9122516512870789,0.8807947039604187,0.9685430526733398
267,1.788254737854004,,,,,,,,,,,,,,,1.7121539115905762,,,,,,,,,,,,,,,0.6175496688741722,,qat,0.2527899444103241,0.2413157820701599,0.26269206404685974,0.2642463743686676,0.3105159103870392,0.3416372239589691,0.11505766957998276,0.9121931195259094,0.9167706966400146,0.9071993231773376,0.9071993231773376,0.8851435780525208,0.8859758377075195,0.9633790850639343,0.26862525939941406,0.1930430680513382,0.1790795475244522,0.2710620164871216,0.2975494861602783,0.4001768231391907,0.10261785238981247,0.9238410592079163,0.9519867300987244,0.942052960395813,0.9288079738616943,0.9139072895050049,0.8824503421783447,0.9685430526733398
268,1.7965052127838135,,,,,,,,,,,,,,,1.7203025817871094,,,,,,,,,,,,,,,0.6158940397350994,,qat,0.2479904443025589,0.26196131110191345,0.25766292214393616,0.2615881562232971,0.28765246272087097,0.35359737277030945,0.12605248391628265,0.9180191159248352,0.9101123809814453,0.9117769598960876,0.9096962213516235,0.8984602689743042,0.8714107275009155,0.9558884501457214,0.2712877690792084,0.19152942299842834,0.1807405650615692,0.2718428373336792,0.2983432710170746,0.4028497040271759,0.10370910167694092,0.9238410592079163,0.9486755132675171,0.943708598613739,0.9337748289108276,0.9089403748512268,0.8841059803962708,0.9668874144554138
269,1.8062604665756226,,,,,,,,,,,,,,,1.7204270362854004,,,,,,,,,,,,,,,0.6125827814569537,,qat,0.27435117959976196,0.2611568570137024,0.25910672545433044,0.25619828701019287,0.33427175879478455,0.2988155484199524,0.12236059457063675,0.9013732671737671,0.9080316424369812,0.9105284810066223,0.9146899580955505,0.8805659413337708,0.8967956900596619,0.9571369290351868,0.26827600598335266,0.19090405106544495,0.17880383133888245,0.27463072538375854,0.3014627993106842,0.4043924808502197,0.10195709764957428,0.9238410592079163,0.9519867300987244,0.943708598613739,0.9288079738616943,0.9072847962379456,0.8824503421783447,0.9685430526733398
270,1.6804742813110352,,,,,,,,,,,,,,,1.7214523553848267,,,,,,,,,,,,,,,0.6225165562913907,,qat,0.2507361173629761,0.2283555567264557,0.2161961942911148,0.25991934537887573,0.29751214385032654,0.31659209728240967,0.11116279661655426,0.9109446406364441,0.9246774911880493,0.9213483333587646,0.9121931195259094,0.8967956900596619,0.8876404762268066,0.9600499272346497,0.268389493227005,0.19103090465068817,0.18019278347492218,0.2762506604194641,0.3003706634044647,0.40253159403800964,0.10268615931272507,0.9254966974258423,0.9503311514854431,0.9470198750495911,0.9304635524749756,0.9105960130691528,0.8857616186141968,0.9701986908912659
271,1.7147835493087769,,,,,,,,,,,,,,,1.7262994050979614,,,,,,,,,,,,,,,0.6158940397350994,,qat,0.23491743206977844,0.2618635892868042,0.26493027806282043,0.2588662803173065,0.2947853207588196,0.29942628741264343,0.09999457746744156,0.9171868562698364,0.9030378460884094,0.9117769598960876,0.9113608002662659,0.8976279497146606,0.8868081569671631,0.9650437235832214,0.2698356807231903,0.1895187497138977,0.18020708858966827,0.28043147921562195,0.3011820614337921,0.40402212738990784,0.10110214352607727,0.9238410592079163,0.9486755132675171,0.943708598613739,0.9288079738616943,0.9122516512870789,0.8857616186141968,0.9668874144554138
272,1.7902683019638062,,,,,,,,,,,,,,,1.7210614681243896,,,,,,,,,,,,,,,0.6109271523178808,,qat,0.24881622195243835,0.2578326463699341,0.2537830173969269,0.25968196988105774,0.2999975085258484,0.3253164291381836,0.14484043419361115,0.9163545370101929,0.9051185846328735,0.9096962213516235,0.9080316424369812,0.894298791885376,0.8851435780525208,0.9500623941421509,0.2702062129974365,0.1909286230802536,0.1808100938796997,0.27499520778656006,0.3006206750869751,0.4024408459663391,0.10105990618467331,0.9238410592079163,0.9503311514854431,0.943708598613739,0.9304635524749756,0.9089403748512268,0.8824503421783447,0.9685430526733398
273,1.7044458389282227,,,,,,,,,,,,,,,1.718002438545227,,,,,,,,,,,,,,,0.6175496688741722,,qat,0.23791998624801636,0.25512808561325073,0.2597184181213379,0.24104291200637817,0.2819889485836029,0.30650171637535095,0.12214572727680206,0.9171868562698364,0.9063670635223389,0.9059509038925171,0.9138576984405518,0.8997086882591248,0.8967956900596619,0.9596337676048279,0.27123960852622986,0.19218680262565613,0.1764296293258667,0.2769625186920166,0.29952043294906616,0.40126344561576843,0.10040003061294556,0.9254966974258423,0.9486755132675171,0.9470198750495911,0.9304635524749756,0.9105960130691528,0.8824503421783447,0.9685430526733398
274,1.7602380514144897,,,,,,,,,,,,,,,1.7230592966079712,,,,,,,,,,,,,,,0.6208609271523179,,qat,0.24608811736106873,0.2808234989643097,0.23494598269462585,0.2590939700603485,0.2928778827190399,0.32879072427749634,0.11761820316314697,0.9205160140991211,0.9017894268035889,0.9155222773551941,0.9042863249778748,0.9005410075187683,0.8830628395080566,0.956720769405365,0.2715287208557129,0.19218797981739044,0.17940498888492584,0.27643918991088867,0.2990342378616333,0.405246376991272,0.0992177203297615,0.9238410592079163,0.9486755132675171,0.9470198750495911,0.9304635524749756,0.9089403748512268,0.8807947039604187,0.9718543291091919
275,1.6589680910110474,,,,,,,,,,,,,,,1.7236682176589966,,,,,,,,,,,,,,,0.609271523178808,,qat,0.2120523303747177,0.23977746069431305,0.26321086287498474,0.2415563464164734,0.2816697657108307,0.31618231534957886,0.10451899468898773,0.9296712279319763,0.9155222773551941,0.9047024846076965,0.9155222773551941,0.9047024846076965,0.889721155166626,0.9675405621528625,0.271497905254364,0.1929275542497635,0.17654123902320862,0.27780768275260925,0.2997782230377197,0.4068666994571686,0.09824884682893753,0.9238410592079163,0.9503311514854431,0.945364236831665,0.9304635524749756,0.9056291580200195,0.8774834275245667,0.9718543291091919
276,1.7235757112503052,,,,,,,,,,,,,,,1.728412389755249,,,,,,,,,,,,,,,0.6125827814569537,,qat,0.2590293288230896,0.26194149255752563,0.2352558821439743,0.24390387535095215,0.28647905588150024,0.29824021458625793,0.13872575759887695,0.9063670635223389,0.9126092195510864,0.9171868562698364,0.9176030158996582,0.8888888955116272,0.8959633708000183,0.9525592923164368,0.27300766110420227,0.19311077892780304,0.1766146421432495,0.2797130048274994,0.29833999276161194,0.40791165828704834,0.0997147485613823,0.9254966974258423,0.9470198750495911,0.943708598613739,0.9304635524749756,0.9139072895050049,0.8774834275245667,0.9685430526733398
277,1.7372900247573853,,,,,,,,,,,,,,,1.7195143699645996,,,,,,,,,,,,,,,0.6109271523178808,,qat,0.25797542929649353,0.2693668007850647,0.25050678849220276,0.24397395551204681,0.2916596233844757,0.32345739006996155,0.1003497987985611,0.903870165348053,0.9051185846328735,0.9163545370101929,0.9113608002662659,0.8997086882591248,0.8863919973373413,0.9667083024978638,0.27008530497550964,0.19109298288822174,0.17698121070861816,0.2785891592502594,0.3006916344165802,0.4018104076385498,0.10026349127292633,0.9238410592079163,0.9470198750495911,0.9470198750495911,0.9304635524749756,0.9105960130691528,0.8807947039604187,0.9685430526733398
278,1.7814098596572876,,,,,,,,,,,,,,,1.7261855602264404,,,,,,,,,,,,,,,0.6109271523178808,,qat,0.2475401759147644,0.2731529772281647,0.2513767182826996,0.25443243980407715,0.3095259964466095,0.32233506441116333,0.12304636836051941,0.9101123809814453,0.8976279497146606,0.9142737984657288,0.90886390209198,0.8938826322555542,0.8872243165969849,0.9550561904907227,0.2735888659954071,0.19230909645557404,0.17570741474628448,0.27979472279548645,0.30149132013320923,0.40339526534080505,0.09989885985851288,0.9238410592079163,0.9486755132675171,0.945364236831665,0.9254966974258423,0.9122516512870789,0.8791390657424927,0.9701986908912659
279,1.7476638555526733,,,,,,,,,,,,,,,1.7308061122894287,,,,,,,,,,,,,,,0.6125827814569537,,qat,0.22989076375961304,0.26182821393013,0.24976259469985962,0.28208011388778687,0.274678111076355,0.343512624502182,0.10591153800487518,0.9180191159248352,0.9092800617218018,0.90886390209198,0.9080316424369812,0.9080316424369812,0.8734914660453796,0.9650437235832214,0.27652567625045776,0.19192907214164734,0.17842304706573486,0.2794174253940582,0.30014294385910034,0.4023015797138214,0.10206640511751175,0.9238410592079163,0.9503311514854431,0.943708598613739,0.9304635524749756,0.9105960130691528,0.8824503421783447,0.9685430526733398
280,1.6907670497894287,,,,,,,,,,,,,,,1.7257660627365112,,,,,,,,,,,,,,,0.6142384105960265,,qat,0.2553280293941498,0.25121232867240906,0.25689634680747986,0.25259244441986084,0.2918187975883484,0.2786046266555786,0.1043146401643753,0.9109446406364441,0.908447802066803,0.9113608002662659,0.90886390209198,0.8918018937110901,0.9034540057182312,0.9654598236083984,0.2733016908168793,0.19171719253063202,0.17876000702381134,0.27931469678878784,0.29920780658721924,0.4052117168903351,0.09825294464826584,0.9205297827720642,0.9519867300987244,0.945364236831665,0.9321191906929016,0.9105960130691528,0.8807947039604187,0.9718543291091919
281,1.6948589086532593,,,,,,,,,,,,,,,1.730420470237732,,,,,,,,,,,,,,,0.6059602649006622,,qat,0.2559099793434143,0.26281872391700745,0.23816293478012085,0.2611304819583893,0.25994008779525757,0.3013646602630615,0.11553195863962173,0.9076154828071594,0.9138576984405518,0.9163545370101929,0.9071993231773376,0.9092800617218018,0.8972117900848389,0.9550561904907227,0.27341046929359436,0.19209973514080048,0.1785011738538742,0.2790529131889343,0.30058786273002625,0.4064877927303314,0.10028043389320374,0.9238410592079163,0.9470198750495911,0.942052960395813,0.9304635524749756,0.9089403748512268,0.8807947039604187,0.9701986908912659
